"STA_LIBELLE";"STA_LIBELLE";"PRO_LIBELLE_PRODUIT";"PRO_REFERENCE";
"AOC - Appellation d'origine contrôlée";"AOP - Appellation d'origine protégée";"Aloxe-Corton";"";
"AOC - Appellation d'origine contrôlée";"AOP - Appellation d'origine protégée";"Aloxe-Corton premier cru blanc";"";
"AOC - Appellation d'origine contrôlée";"AOP - Appellation d'origine protégée";"Aloxe-Corton premier cru Clos des Maréchaudes blanc";"";
"AOC - Appellation d'origine contrôlée";"AOP - Appellation d'origine protégée";"Aloxe-Corton premier cru Clos des Maréchaudes rouge";"";
"AOC - Appellation d'origine contrôlée";"AOP - Appellation d'origine protégée";"Aloxe-Corton premier cru Clos du Chapitre blanc";"";
"AOC - Appellation d'origine contrôlée";"AOP - Appellation d'origine protégée";"Aloxe-Corton premier cru Clos du Chapitre rouge";"";
"AOC - Appellation d'origine contrôlée";"AOP - Appellation d'origine protégée";"Aloxe-Corton premier cru La Coutière blanc";"";
"AOC - Appellation d'origine contrôlée";"AOP - Appellation d'origine protégée";"Aloxe-Corton premier cru La Coutière rouge";"";
"AOC - Appellation d'origine contrôlée";"AOP - Appellation d'origine protégée";"Aloxe-Corton premier cru La Maréchaude blanc";"";
"AOC - Appellation d'origine contrôlée";"AOP - Appellation d'origine protégée";"Aloxe-Corton premier cru La Maréchaude rouge";"";
"AOC - Appellation d'origine contrôlée";"AOP - Appellation d'origine protégée";"Aloxe-Corton premier cru La Toppe au Vert blanc";"";
"AOC - Appellation d'origine contrôlée";"AOP - Appellation d'origine protégée";"Aloxe-Corton premier cru La Toppe au Vert rouge";"";
"AOC - Appellation d'origine contrôlée";"AOP - Appellation d'origine protégée";"Aloxe-Corton premier cru Les Chaillots blanc";"";
"AOC - Appellation d'origine contrôlée";"AOP - Appellation d'origine protégée";"Aloxe-Corton premier cru Les Chaillots rouge";"";
"AOC - Appellation d'origine contrôlée";"AOP - Appellation d'origine protégée";"Aloxe-Corton premier cru Les Fournières blanc";"";
"AOC - Appellation d'origine contrôlée";"AOP - Appellation d'origine protégée";"Aloxe-Corton premier cru Les Fournières rouge";"";
"AOC - Appellation d'origine contrôlée";"AOP - Appellation d'origine protégée";"Aloxe-Corton premier cru Les Guérets blanc";"";
"AOC - Appellation d'origine contrôlée";"AOP - Appellation d'origine protégée";"Aloxe-Corton premier cru Les Guérets rouge";"";
"AOC - Appellation d'origine contrôlée";"AOP - Appellation d'origine protégée";"Aloxe-Corton premier cru Les Maréchaudes blanc";"";
"AOC - Appellation d'origine contrôlée";"AOP - Appellation d'origine protégée";"Aloxe-Corton premier cru Les Maréchaudes rouge";"";
"AOC - Appellation d'origine contrôlée";"AOP - Appellation d'origine protégée";"Aloxe-Corton premier cru Les Moutottes blanc";"";
"AOC - Appellation d'origine contrôlée";"AOP - Appellation d'origine protégée";"Aloxe-Corton premier cru Les Moutottes rouge";"";
"AOC - Appellation d'origine contrôlée";"AOP - Appellation d'origine protégée";"Aloxe-Corton premier cru Les Paulands blanc";"";
"AOC - Appellation d'origine contrôlée";"AOP - Appellation d'origine protégée";"Aloxe-Corton premier cru Les Paulands rouge";"";
"AOC - Appellation d'origine contrôlée";"AOP - Appellation d'origine protégée";"Aloxe-Corton premier cru Les Petites Folières blanc";"";
"AOC - Appellation d'origine contrôlée";"AOP - Appellation d'origine protégée";"Aloxe-Corton premier cru Les Petites Folières rouge";"";
"AOC - Appellation d'origine contrôlée";"AOP - Appellation d'origine protégée";"Aloxe-Corton premier cru Les Valozières blanc";"";
"AOC - Appellation d'origine contrôlée";"AOP - Appellation d'origine protégée";"Aloxe-Corton premier cru Les Valozières rouge";"";
"AOC - Appellation d'origine contrôlée";"AOP - Appellation d'origine protégée";"Aloxe-Corton premier cru Les Vercots blanc";"";
"AOC - Appellation d'origine contrôlée";"AOP - Appellation d'origine protégée";"Aloxe-Corton premier cru Les Vercots rouge";"";
"AOC - Appellation d'origine contrôlée";"AOP - Appellation d'origine protégée";"Aloxe-Corton premier cru rouge";"";
"AOC - Appellation d'origine contrôlée";"AOP - Appellation d'origine protégée";"Aloxe-Corton rouge";"";
"AOC - Appellation d'origine contrôlée";"AOP - Appellation d'origine protégée";"Auxey-Duresses blanc";"";
"AOC - Appellation d'origine contrôlée";"AOP - Appellation d'origine protégée";"Auxey-Duresses premier cru Bas des Duresses blanc";"";
"AOC - Appellation d'origine contrôlée";"AOP - Appellation d'origine protégée";"Auxey-Duresses premier cru Bas des Duresses rouge";"";
"AOC - Appellation d'origine contrôlée";"AOP - Appellation d'origine protégée";"Auxey-Duresses premier cru blanc";"";
"AOC - Appellation d'origine contrôlée";"AOP - Appellation d'origine protégée";"Auxey-Duresses premier cru Climat du Val blanc";"";
"AOC - Appellation d'origine contrôlée";"AOP - Appellation d'origine protégée";"Auxey-Duresses premier cru Climat du Val rouge";"";
"AOC - Appellation d'origine contrôlée";"AOP - Appellation d'origine protégée";"Auxey-Duresses premier cru Clos du Val blanc";"";
"AOC - Appellation d'origine contrôlée";"AOP - Appellation d'origine protégée";"Auxey-Duresses premier cru Clos du Val rouge";"";
"AOC - Appellation d'origine contrôlée";"AOP - Appellation d'origine protégée";"Auxey-Duresses premier cru La Chapelle blanc";"";
"AOC - Appellation d'origine contrôlée";"AOP - Appellation d'origine protégée";"Auxey-Duresses premier cru La Chapelle rouge";"";
"AOC - Appellation d'origine contrôlée";"AOP - Appellation d'origine protégée";"Auxey-Duresses premier cru Les Bréterins blanc";"";
"AOC - Appellation d'origine contrôlée";"AOP - Appellation d'origine protégée";"Auxey-Duresses premier cru Les Bréterins rouge";"";
"AOC - Appellation d'origine contrôlée";"AOP - Appellation d'origine protégée";"Auxey-Duresses premier cru Les Duresses blanc";"";
"AOC - Appellation d'origine contrôlée";"AOP - Appellation d'origine protégée";"Auxey-Duresses premier cru Les Duresses rouge";"";
"AOC - Appellation d'origine contrôlée";"AOP - Appellation d'origine protégée";"Auxey-Duresses premier cru Les Ecussaux blanc";"";
"AOC - Appellation d'origine contrôlée";"AOP - Appellation d'origine protégée";"Auxey-Duresses premier cru Les Ecussaux rouge";"";
"AOC - Appellation d'origine contrôlée";"AOP - Appellation d'origine protégée";"Auxey-Duresses premier cru Les Grands Champs blanc";"";
"AOC - Appellation d'origine contrôlée";"AOP - Appellation d'origine protégée";"Auxey-Duresses premier cru Les Grands Champs rouge";"";
"AOC - Appellation d'origine contrôlée";"AOP - Appellation d'origine protégée";"Auxey-Duresses premier cru Reugne blanc";"";
"AOC - Appellation d'origine contrôlée";"AOP - Appellation d'origine protégée";"Auxey-Duresses premier cru Reugne rouge";"";
"AOC - Appellation d'origine contrôlée";"AOP - Appellation d'origine protégée";"Auxey-Duresses premier cru rouge";"";
"AOC - Appellation d'origine contrôlée";"AOP - Appellation d'origine protégée";"Auxey-Duresses rouge ou Auxey-Duresses Côte de Beaune";"";
"AOC - Appellation d'origine contrôlée";"AOP - Appellation d'origine protégée";"Bâtard-Montrachet";"";
"AOC - Appellation d'origine contrôlée";"AOP - Appellation d'origine protégée";"Beaune";"";
"AOC - Appellation d'origine contrôlée";"AOP - Appellation d'origine protégée";"Beaune premier cru A l'Ecu blanc";"";
"AOC - Appellation d'origine contrôlée";"AOP - Appellation d'origine protégée";"Beaune premier cru A l'Ecu rouge";"";
"AOC - Appellation d'origine contrôlée";"AOP - Appellation d'origine protégée";"Beaune premier cru Aux Coucherias blanc";"";
"AOC - Appellation d'origine contrôlée";"AOP - Appellation d'origine protégée";"Beaune premier cru Aux Coucherias rouge";"";
"AOC - Appellation d'origine contrôlée";"AOP - Appellation d'origine protégée";"Beaune premier cru Aux Cras blanc";"";
"AOC - Appellation d'origine contrôlée";"AOP - Appellation d'origine protégée";"Beaune premier cru Aux Cras rouge";"";
"AOC - Appellation d'origine contrôlée";"AOP - Appellation d'origine protégée";"Beaune premier cru Belissand blanc";"";
"AOC - Appellation d'origine contrôlée";"AOP - Appellation d'origine protégée";"Beaune premier cru Belissand rouge";"";
"AOC - Appellation d'origine contrôlée";"AOP - Appellation d'origine protégée";"Beaune premier cru blanc";"";
"AOC - Appellation d'origine contrôlée";"AOP - Appellation d'origine protégée";"Beaune premier cru Blanches Fleurs blanc";"";
"AOC - Appellation d'origine contrôlée";"AOP - Appellation d'origine protégée";"Beaune premier cru Blanches Fleurs rouge";"";
"AOC - Appellation d'origine contrôlée";"AOP - Appellation d'origine protégée";"Beaune premier cru Champs Pimont blanc";"";
"AOC - Appellation d'origine contrôlée";"AOP - Appellation d'origine protégée";"Beaune premier cru Champs Pimont rouge";"";
"AOC - Appellation d'origine contrôlée";"AOP - Appellation d'origine protégée";"Beaune premier cru Clos de l'Ecu blanc";"";
"AOC - Appellation d'origine contrôlée";"AOP - Appellation d'origine protégée";"Beaune premier cru Clos de l'Ecu rouge";"";
"AOC - Appellation d'origine contrôlée";"AOP - Appellation d'origine protégée";"Beaune premier cru Clos de la Feguine blanc";"";
"AOC - Appellation d'origine contrôlée";"AOP - Appellation d'origine protégée";"Beaune premier cru Clos de la Feguine rouge";"";
"AOC - Appellation d'origine contrôlée";"AOP - Appellation d'origine protégée";"Beaune premier cru Clos de la Mousse blanc";"";
"AOC - Appellation d'origine contrôlée";"AOP - Appellation d'origine protégée";"Beaune premier cru Clos de la Mousse rouge";"";
"AOC - Appellation d'origine contrôlée";"AOP - Appellation d'origine protégée";"Beaune premier cru Clos des Avaux blanc";"";
"AOC - Appellation d'origine contrôlée";"AOP - Appellation d'origine protégée";"Beaune premier cru Clos des Avaux rouge";"";
"AOC - Appellation d'origine contrôlée";"AOP - Appellation d'origine protégée";"Beaune premier cru Clos des Ursules blanc";"";
"AOC - Appellation d'origine contrôlée";"AOP - Appellation d'origine protégée";"Beaune premier cru Clos des Ursules rouge";"";
"AOC - Appellation d'origine contrôlée";"AOP - Appellation d'origine protégée";"Beaune premier cru Clos du Roi blanc";"";
"AOC - Appellation d'origine contrôlée";"AOP - Appellation d'origine protégée";"Beaune premier cru Clos du Roi rouge";"";
"AOC - Appellation d'origine contrôlée";"AOP - Appellation d'origine protégée";"Beaune premier cru Clos Saint-Landry blanc";"";
"AOC - Appellation d'origine contrôlée";"AOP - Appellation d'origine protégée";"Beaune premier cru Clos Saint-Landry rouge";"";
"AOC - Appellation d'origine contrôlée";"AOP - Appellation d'origine protégée";"Beaune premier cru En Genêt blanc";"";
"AOC - Appellation d'origine contrôlée";"AOP - Appellation d'origine protégée";"Beaune premier cru En Genêt rouge";"";
"AOC - Appellation d'origine contrôlée";"AOP - Appellation d'origine protégée";"Beaune premier cru En l'Orme blanc";"";
"AOC - Appellation d'origine contrôlée";"AOP - Appellation d'origine protégée";"Beaune premier cru En l'Orme rouge";"";
"AOC - Appellation d'origine contrôlée";"AOP - Appellation d'origine protégée";"Beaune premier cru La Mignotte blanc";"";
"AOC - Appellation d'origine contrôlée";"AOP - Appellation d'origine protégée";"Beaune premier cru La Mignotte rouge";"";
"AOC - Appellation d'origine contrôlée";"AOP - Appellation d'origine protégée";"Beaune premier cru Le Bas des Teurons blanc";"";
"AOC - Appellation d'origine contrôlée";"AOP - Appellation d'origine protégée";"Beaune premier cru Le Bas des Teurons rouge";"";
"AOC - Appellation d'origine contrôlée";"AOP - Appellation d'origine protégée";"Beaune premier cru Le Clos des Mouches blanc";"";
"AOC - Appellation d'origine contrôlée";"AOP - Appellation d'origine protégée";"Beaune premier cru Le Clos des Mouches rouge";"";
"AOC - Appellation d'origine contrôlée";"AOP - Appellation d'origine protégée";"Beaune premier cru Les Aigrots blanc";"";
"AOC - Appellation d'origine contrôlée";"AOP - Appellation d'origine protégée";"Beaune premier cru Les Aigrots rouge";"";
"AOC - Appellation d'origine contrôlée";"AOP - Appellation d'origine protégée";"Beaune premier cru Les Avaux blanc";"";
"AOC - Appellation d'origine contrôlée";"AOP - Appellation d'origine protégée";"Beaune premier cru Les Avaux rouge";"";
"AOC - Appellation d'origine contrôlée";"AOP - Appellation d'origine protégée";"Beaune premier cru Les Boucherottes blanc";"";
"AOC - Appellation d'origine contrôlée";"AOP - Appellation d'origine protégée";"Beaune premier cru Les Boucherottes rouge";"";
"AOC - Appellation d'origine contrôlée";"AOP - Appellation d'origine protégée";"Beaune premier cru Les Bressandes blanc";"";
"AOC - Appellation d'origine contrôlée";"AOP - Appellation d'origine protégée";"Beaune premier cru Les Bressandes rouge";"";
"AOC - Appellation d'origine contrôlée";"AOP - Appellation d'origine protégée";"Beaune premier cru Les Cents Vignes blanc";"";
"AOC - Appellation d'origine contrôlée";"AOP - Appellation d'origine protégée";"Beaune premier cru Les Cents Vignes rouge";"";
"AOC - Appellation d'origine contrôlée";"AOP - Appellation d'origine protégée";"Beaune premier cru Les Chouacheux blanc";"";
"AOC - Appellation d'origine contrôlée";"AOP - Appellation d'origine protégée";"Beaune premier cru Les Chouacheux rouge";"";
"AOC - Appellation d'origine contrôlée";"AOP - Appellation d'origine protégée";"Beaune premier cru Les Epenotes blanc";"";
"AOC - Appellation d'origine contrôlée";"AOP - Appellation d'origine protégée";"Beaune premier cru Les Epenotes rouge";"";
"AOC - Appellation d'origine contrôlée";"AOP - Appellation d'origine protégée";"Beaune premier cru Les Fèves blanc";"";
"AOC - Appellation d'origine contrôlée";"AOP - Appellation d'origine protégée";"Beaune premier cru Les Fèves rouge";"";
"AOC - Appellation d'origine contrôlée";"AOP - Appellation d'origine protégée";"Beaune premier cru Les Grèves blanc";"";
"AOC - Appellation d'origine contrôlée";"AOP - Appellation d'origine protégée";"Beaune premier cru Les Grèves rouge";"";
"AOC - Appellation d'origine contrôlée";"AOP - Appellation d'origine protégée";"Beaune premier cru Les Marconnets blanc";"";
"AOC - Appellation d'origine contrôlée";"AOP - Appellation d'origine protégée";"Beaune premier cru Les Marconnets rouge";"";
"AOC - Appellation d'origine contrôlée";"AOP - Appellation d'origine protégée";"Beaune premier cru Les Montrevenots blanc";"";
"AOC - Appellation d'origine contrôlée";"AOP - Appellation d'origine protégée";"Beaune premier cru Les Montrevenots rouge";"";
"AOC - Appellation d'origine contrôlée";"AOP - Appellation d'origine protégée";"Beaune premier cru Les Perrières blanc";"";
"AOC - Appellation d'origine contrôlée";"AOP - Appellation d'origine protégée";"Beaune premier cru Les Perrières rouge";"";
"AOC - Appellation d'origine contrôlée";"AOP - Appellation d'origine protégée";"Beaune premier cru Les Reversés blanc";"";
"AOC - Appellation d'origine contrôlée";"AOP - Appellation d'origine protégée";"Beaune premier cru Les Reversés rouge";"";
"AOC - Appellation d'origine contrôlée";"AOP - Appellation d'origine protégée";"Beaune premier cru Les Sceaux blanc";"";
"AOC - Appellation d'origine contrôlée";"AOP - Appellation d'origine protégée";"Beaune premier cru Les Sceaux rouge";"";
"AOC - Appellation d'origine contrôlée";"AOP - Appellation d'origine protégée";"Beaune premier cru Les Seurey blanc";"";
"AOC - Appellation d'origine contrôlée";"AOP - Appellation d'origine protégée";"Beaune premier cru Les Seurey rouge";"";
"AOC - Appellation d'origine contrôlée";"AOP - Appellation d'origine protégée";"Beaune premier cru Les Sizies blanc";"";
"AOC - Appellation d'origine contrôlée";"AOP - Appellation d'origine protégée";"Beaune premier cru Les Sizies rouge";"";
"AOC - Appellation d'origine contrôlée";"AOP - Appellation d'origine protégée";"Beaune premier cru Les Teurons blanc";"";
"AOC - Appellation d'origine contrôlée";"AOP - Appellation d'origine protégée";"Beaune premier cru Les Teurons rouge";"";
"AOC - Appellation d'origine contrôlée";"AOP - Appellation d'origine protégée";"Beaune premier cru Les Toussaints blanc";"";
"AOC - Appellation d'origine contrôlée";"AOP - Appellation d'origine protégée";"Beaune premier cru Les Toussaints rouge";"";
"AOC - Appellation d'origine contrôlée";"AOP - Appellation d'origine protégée";"Beaune premier cru Les Tuvilains blanc";"";
"AOC - Appellation d'origine contrôlée";"AOP - Appellation d'origine protégée";"Beaune premier cru Les Tuvilains rouge";"";
"AOC - Appellation d'origine contrôlée";"AOP - Appellation d'origine protégée";"Beaune premier cru Les Vignes Franches blanc";"";
"AOC - Appellation d'origine contrôlée";"AOP - Appellation d'origine protégée";"Beaune premier cru Les Vignes Franches rouge";"";
"AOC - Appellation d'origine contrôlée";"AOP - Appellation d'origine protégée";"Beaune premier cru Montée Rouge blanc";"";
"AOC - Appellation d'origine contrôlée";"AOP - Appellation d'origine protégée";"Beaune premier cru Montée Rouge rouge";"";
"AOC - Appellation d'origine contrôlée";"AOP - Appellation d'origine protégée";"Beaune premier cru Pertuisots blanc";"";
"AOC - Appellation d'origine contrôlée";"AOP - Appellation d'origine protégée";"Beaune premier cru Pertuisots rouge";"";
"AOC - Appellation d'origine contrôlée";"AOP - Appellation d'origine protégée";"Beaune premier cru rouge";"";
"AOC - Appellation d'origine contrôlée";"AOP - Appellation d'origine protégée";"Beaune premier cru Sur les Grèves - Clos Saint-Anne blanc";"";
"AOC - Appellation d'origine contrôlée";"AOP - Appellation d'origine protégée";"Beaune premier cru Sur les Grèves - Clos Saint-Anne rouge";"";
"AOC - Appellation d'origine contrôlée";"AOP - Appellation d'origine protégée";"Beaune premier cru Sur les Grèves blanc";"";
"AOC - Appellation d'origine contrôlée";"AOP - Appellation d'origine protégée";"Beaune premier cru Sur les Grèves rouge";"";
"AOC - Appellation d'origine contrôlée";"AOP - Appellation d'origine protégée";"Beaune rouge";"";
"AOC - Appellation d'origine contrôlée";"AOP - Appellation d'origine protégée";"Bienvenues-Bâtard-Montrachet";"";
"AOC - Appellation d'origine contrôlée";"AOP - Appellation d'origine protégée";"Blagny ou Blagny Côte de Beaune";"";
"AOC - Appellation d'origine contrôlée";"AOP - Appellation d'origine protégée";"Blagny premier cru";"";
"AOC - Appellation d'origine contrôlée";"AOP - Appellation d'origine protégée";"Blagny premier cru Hameau de Blagny";"";
"AOC - Appellation d'origine contrôlée";"AOP - Appellation d'origine protégée";"Blagny premier cru La Garenne ou sur la Garenne";"";
"AOC - Appellation d'origine contrôlée";"AOP - Appellation d'origine protégée";"Blagny premier cru La Jeunellotte";"";
"AOC - Appellation d'origine contrôlée";"AOP - Appellation d'origine protégée";"Blagny premier cru La Pièce sous le Bois";"";
"AOC - Appellation d'origine contrôlée";"AOP - Appellation d'origine protégée";"Blagny premier cru Sous Blagny";"";
"AOC - Appellation d'origine contrôlée";"AOP - Appellation d'origine protégée";"Blagny premier cru Sous le Dos d'Ane";"";
"AOC - Appellation d'origine contrôlée";"AOP - Appellation d'origine protégée";"Blagny premier cru Sous le Puits";"";
"AOC - Appellation d'origine contrôlée";"AOP - Appellation d'origine protégée";"Bonnes-Mares";"";
"AOC - Appellation d'origine contrôlée";"AOP - Appellation d'origine protégée";"Bourgogne aligoté";"";
"AOC - Appellation d'origine contrôlée";"AOP - Appellation d'origine protégée";"Bourgogne aligoté nouveau ou primeur";"";
"AOC - Appellation d'origine contrôlée";"AOP - Appellation d'origine protégée";"Bourgogne blanc";"";
"AOC - Appellation d'origine contrôlée";"AOP - Appellation d'origine protégée";"Bourgogne clairet ou rosé";"";
"AOC - Appellation d'origine contrôlée";"AOP - Appellation d'origine protégée";"Bourgogne Côte d'Or blanc";"";
"AOC - Appellation d'origine contrôlée";"AOP - Appellation d'origine protégée";"Bourgogne Côte d'Or rouge";"";
"AOC - Appellation d'origine contrôlée";"AOP - Appellation d'origine protégée";"Bourgogne gamay rouge";"";
"AOC - Appellation d'origine contrôlée";"AOP - Appellation d'origine protégée";"Bourgogne Hautes Côtes de Beaune blanc";"";
"AOC - Appellation d'origine contrôlée";"AOP - Appellation d'origine protégée";"Bourgogne Hautes Côtes de Beaune clairet ou rosé";"";
"AOC - Appellation d'origine contrôlée";"AOP - Appellation d'origine protégée";"Bourgogne Hautes Côtes de Beaune rouge";"";
"AOC - Appellation d'origine contrôlée";"AOP - Appellation d'origine protégée";"Bourgogne Hautes Côtes de Nuits blanc";"";
"AOC - Appellation d'origine contrôlée";"AOP - Appellation d'origine protégée";"Bourgogne Hautes Côtes de Nuits clairet ou rosé";"";
"AOC - Appellation d'origine contrôlée";"AOP - Appellation d'origine protégée";"Bourgogne Hautes Côtes de Nuits rouge";"";
"AOC - Appellation d'origine contrôlée";"AOP - Appellation d'origine protégée";"Bourgogne La Chapelle Notre-Dame blanc";"";
"AOC - Appellation d'origine contrôlée";"AOP - Appellation d'origine protégée";"Bourgogne La Chapelle Notre-Dame clairet ou rosé";"";
"AOC - Appellation d'origine contrôlée";"AOP - Appellation d'origine protégée";"Bourgogne La Chapelle Notre-Dame rouge";"";
"AOC - Appellation d'origine contrôlée";"AOP - Appellation d'origine protégée";"Bourgogne Le Chapitre blanc";"";
"AOC - Appellation d'origine contrôlée";"AOP - Appellation d'origine protégée";"Bourgogne Le Chapitre clairet ou rosé";"";
"AOC - Appellation d'origine contrôlée";"AOP - Appellation d'origine protégée";"Bourgogne Le Chapitre rouge";"";
"AOC - Appellation d'origine contrôlée";"AOP - Appellation d'origine protégée";"Bourgogne Montrecul ou Montre-Cul ou En Montre-Cul blanc";"";
"AOC - Appellation d'origine contrôlée";"AOP - Appellation d'origine protégée";"Bourgogne Montrecul ou Montre-Cul ou En Montre-Cul clairet ou rosé";"";
"AOC - Appellation d'origine contrôlée";"AOP - Appellation d'origine protégée";"Bourgogne Montrecul ou Montre-Cul ou En Montre-Cul rouge";"";
"AOC - Appellation d'origine contrôlée";"AOP - Appellation d'origine protégée";"Bourgogne mousseux";"";
"AOC - Appellation d'origine contrôlée";"AOP - Appellation d'origine protégée";"Bourgogne nouveau ou primeur";"";
"AOC - Appellation d'origine contrôlée";"AOP - Appellation d'origine protégée";"Bourgogne Passe-tout-grains rosé";"";
"AOC - Appellation d'origine contrôlée";"AOP - Appellation d'origine protégée";"Bourgogne Passe-tout-grains rouge";"";
"AOC - Appellation d'origine contrôlée";"AOP - Appellation d'origine protégée";"Bourgogne rouge";"";
"AOC - Appellation d'origine contrôlée";"AOP - Appellation d'origine protégée";"Chambertin";"";
"AOC - Appellation d'origine contrôlée";"AOP - Appellation d'origine protégée";"Chambertin-Clos de Bèze";"";
"AOC - Appellation d'origine contrôlée";"AOP - Appellation d'origine protégée";"Chambolle-Musigny";"";
"AOC - Appellation d'origine contrôlée";"AOP - Appellation d'origine protégée";"Chambolle-Musigny premier cru";"";
"AOC - Appellation d'origine contrôlée";"AOP - Appellation d'origine protégée";"Chambolle-Musigny premier cru Aux Beaux Bruns";"";
"AOC - Appellation d'origine contrôlée";"AOP - Appellation d'origine protégée";"Chambolle-Musigny premier cru Aux Combottes";"";
"AOC - Appellation d'origine contrôlée";"AOP - Appellation d'origine protégée";"Chambolle-Musigny premier cru Aux Echanges";"";
"AOC - Appellation d'origine contrôlée";"AOP - Appellation d'origine protégée";"Chambolle-Musigny premier cru Derrière la Grange";"";
"AOC - Appellation d'origine contrôlée";"AOP - Appellation d'origine protégée";"Chambolle-Musigny premier cru La Combe d'Orveau";"";
"AOC - Appellation d'origine contrôlée";"AOP - Appellation d'origine protégée";"Chambolle-Musigny premier cru Les Amoureuses";"";
"AOC - Appellation d'origine contrôlée";"AOP - Appellation d'origine protégée";"Chambolle-Musigny premier cru Les Baudes";"";
"AOC - Appellation d'origine contrôlée";"AOP - Appellation d'origine protégée";"Chambolle-Musigny premier cru Les Borniques";"";
"AOC - Appellation d'origine contrôlée";"AOP - Appellation d'origine protégée";"Chambolle-Musigny premier cru Les Carrières";"";
"AOC - Appellation d'origine contrôlée";"AOP - Appellation d'origine protégée";"Chambolle-Musigny premier cru Les Chabiots";"";
"AOC - Appellation d'origine contrôlée";"AOP - Appellation d'origine protégée";"Chambolle-Musigny premier cru Les Charmes";"";
"AOC - Appellation d'origine contrôlée";"AOP - Appellation d'origine protégée";"Chambolle-Musigny premier cru Les Chatelots";"";
"AOC - Appellation d'origine contrôlée";"AOP - Appellation d'origine protégée";"Chambolle-Musigny premier cru Les Combottes";"";
"AOC - Appellation d'origine contrôlée";"AOP - Appellation d'origine protégée";"Chambolle-Musigny premier cru Les Cras";"";
"AOC - Appellation d'origine contrôlée";"AOP - Appellation d'origine protégée";"Chambolle-Musigny premier cru Les Feusselottes ou Les Feusselotes";"";
"AOC - Appellation d'origine contrôlée";"AOP - Appellation d'origine protégée";"Chambolle-Musigny premier cru Les Fuées";"";
"AOC - Appellation d'origine contrôlée";"AOP - Appellation d'origine protégée";"Chambolle-Musigny premier cru Les Groseilles";"";
"AOC - Appellation d'origine contrôlée";"AOP - Appellation d'origine protégée";"Chambolle-Musigny premier cru Les Gruenchers";"";
"AOC - Appellation d'origine contrôlée";"AOP - Appellation d'origine protégée";"Chambolle-Musigny premier cru Les Hauts Doix";"";
"AOC - Appellation d'origine contrôlée";"AOP - Appellation d'origine protégée";"Chambolle-Musigny premier cru Les Lavrottes";"";
"AOC - Appellation d'origine contrôlée";"AOP - Appellation d'origine protégée";"Chambolle-Musigny premier cru Les Noirots";"";
"AOC - Appellation d'origine contrôlée";"AOP - Appellation d'origine protégée";"Chambolle-Musigny premier cru Les Plantes";"";
"AOC - Appellation d'origine contrôlée";"AOP - Appellation d'origine protégée";"Chambolle-Musigny premier cru Les Sentiers";"";
"AOC - Appellation d'origine contrôlée";"AOP - Appellation d'origine protégée";"Chambolle-Musigny premier cru Les Véroilles";"";
"AOC - Appellation d'origine contrôlée";"AOP - Appellation d'origine protégée";"Chapelle-Chambertin";"";
"AOC - Appellation d'origine contrôlée";"AOP - Appellation d'origine protégée";"Charlemagne";"";
"AOC - Appellation d'origine contrôlée";"AOP - Appellation d'origine protégée";"Charmes-Chambertin";"";
"AOC - Appellation d'origine contrôlée";"AOP - Appellation d'origine protégée";"Chassagne-Montrachet";"";
"AOC - Appellation d'origine contrôlée";"AOP - Appellation d'origine protégée";"Chassagne-Montrachet premier cru Abbaye de Morgeot blanc";"";
"AOC - Appellation d'origine contrôlée";"AOP - Appellation d'origine protégée";"Chassagne-Montrachet premier cru Abbaye de Morgeot rouge";"";
"AOC - Appellation d'origine contrôlée";"AOP - Appellation d'origine protégée";"Chassagne-Montrachet premier cru blanc";"";
"AOC - Appellation d'origine contrôlée";"AOP - Appellation d'origine protégée";"Chassagne-Montrachet premier cru Blanchot dessus blanc";"";
"AOC - Appellation d'origine contrôlée";"AOP - Appellation d'origine protégée";"Chassagne-Montrachet premier cru Blanchot dessus rouge";"";
"AOC - Appellation d'origine contrôlée";"AOP - Appellation d'origine protégée";"Chassagne-Montrachet premier cru Bois de Chassagne blanc";"";
"AOC - Appellation d'origine contrôlée";"AOP - Appellation d'origine protégée";"Chassagne-Montrachet premier cru Bois de Chassagne rouge";"";
"AOC - Appellation d'origine contrôlée";"AOP - Appellation d'origine protégée";"Chassagne-Montrachet premier cru Cailleret blanc";"";
"AOC - Appellation d'origine contrôlée";"AOP - Appellation d'origine protégée";"Chassagne-Montrachet premier cru Cailleret rouge";"";
"AOC - Appellation d'origine contrôlée";"AOP - Appellation d'origine protégée";"Chassagne-Montrachet premier cru Champs Jendreau blanc";"";
"AOC - Appellation d'origine contrôlée";"AOP - Appellation d'origine protégée";"Chassagne-Montrachet premier cru Champs Jendreau rouge";"";
"AOC - Appellation d'origine contrôlée";"AOP - Appellation d'origine protégée";"Chassagne-Montrachet premier cru Chassagne blanc";"";
"AOC - Appellation d'origine contrôlée";"AOP - Appellation d'origine protégée";"Chassagne-Montrachet premier cru Chassagne du Clos Saint-Jean blanc";"";
"AOC - Appellation d'origine contrôlée";"AOP - Appellation d'origine protégée";"Chassagne-Montrachet premier cru Chassagne du Clos Saint-Jean rouge";"";
"AOC - Appellation d'origine contrôlée";"AOP - Appellation d'origine protégée";"Chassagne-Montrachet premier cru Chassagne rouge";"";
"AOC - Appellation d'origine contrôlée";"AOP - Appellation d'origine protégée";"Chassagne-Montrachet premier cru Clos Chareau blanc";"";
"AOC - Appellation d'origine contrôlée";"AOP - Appellation d'origine protégée";"Chassagne-Montrachet premier cru Clos Chareau rouge";"";
"AOC - Appellation d'origine contrôlée";"AOP - Appellation d'origine protégée";"Chassagne-Montrachet premier cru Clos Pitois blanc";"";
"AOC - Appellation d'origine contrôlée";"AOP - Appellation d'origine protégée";"Chassagne-Montrachet premier cru Clos Pitois rouge";"";
"AOC - Appellation d'origine contrôlée";"AOP - Appellation d'origine protégée";"Chassagne-Montrachet premier cru Clos Saint-Jean blanc";"";
"AOC - Appellation d'origine contrôlée";"AOP - Appellation d'origine protégée";"Chassagne-Montrachet premier cru Clos Saint-Jean rouge";"";
"AOC - Appellation d'origine contrôlée";"AOP - Appellation d'origine protégée";"Chassagne-Montrachet premier cru Dent de Chien blanc";"";
"AOC - Appellation d'origine contrôlée";"AOP - Appellation d'origine protégée";"Chassagne-Montrachet premier cru Dent de Chien rouge";"";
"AOC - Appellation d'origine contrôlée";"AOP - Appellation d'origine protégée";"Chassagne-Montrachet premier cru En Cailleret blanc";"";
"AOC - Appellation d'origine contrôlée";"AOP - Appellation d'origine protégée";"Chassagne-Montrachet premier cru En Cailleret rouge";"";
"AOC - Appellation d'origine contrôlée";"AOP - Appellation d'origine protégée";"Chassagne-Montrachet premier cru En Remilly blanc";"";
"AOC - Appellation d'origine contrôlée";"AOP - Appellation d'origine protégée";"Chassagne-Montrachet premier cru En Remilly rouge";"";
"AOC - Appellation d'origine contrôlée";"AOP - Appellation d'origine protégée";"Chassagne-Montrachet premier cru En Virondot blanc";"";
"AOC - Appellation d'origine contrôlée";"AOP - Appellation d'origine protégée";"Chassagne-Montrachet premier cru En Virondot rouge";"";
"AOC - Appellation d'origine contrôlée";"AOP - Appellation d'origine protégée";"Chassagne-Montrachet premier cru Ez Crets blanc";"";
"AOC - Appellation d'origine contrôlée";"AOP - Appellation d'origine protégée";"Chassagne-Montrachet premier cru Ez Crets rouge";"";
"AOC - Appellation d'origine contrôlée";"AOP - Appellation d'origine protégée";"Chassagne-Montrachet premier cru Ez Crottes blanc";"";
"AOC - Appellation d'origine contrôlée";"AOP - Appellation d'origine protégée";"Chassagne-Montrachet premier cru Ez Crottes rouge";"";
"AOC - Appellation d'origine contrôlée";"AOP - Appellation d'origine protégée";"Chassagne-Montrachet premier cru Francemont blanc";"";
"AOC - Appellation d'origine contrôlée";"AOP - Appellation d'origine protégée";"Chassagne-Montrachet premier cru Francemont rouge";"";
"AOC - Appellation d'origine contrôlée";"AOP - Appellation d'origine protégée";"Chassagne-Montrachet premier cru Guerchère blanc";"";
"AOC - Appellation d'origine contrôlée";"AOP - Appellation d'origine protégée";"Chassagne-Montrachet premier cru Guerchère rouge";"";
"AOC - Appellation d'origine contrôlée";"AOP - Appellation d'origine protégée";"Chassagne-Montrachet premier cru La Boudriotte blanc";"";
"AOC - Appellation d'origine contrôlée";"AOP - Appellation d'origine protégée";"Chassagne-Montrachet premier cru La Boudriotte rouge";"";
"AOC - Appellation d'origine contrôlée";"AOP - Appellation d'origine protégée";"Chassagne-Montrachet premier cru La Cardeuse blanc";"";
"AOC - Appellation d'origine contrôlée";"AOP - Appellation d'origine protégée";"Chassagne-Montrachet premier cru La Cardeuse rouge";"";
"AOC - Appellation d'origine contrôlée";"AOP - Appellation d'origine protégée";"Chassagne-Montrachet premier cru La Chapelle blanc";"";
"AOC - Appellation d'origine contrôlée";"AOP - Appellation d'origine protégée";"Chassagne-Montrachet premier cru La Chapelle rouge";"";
"AOC - Appellation d'origine contrôlée";"AOP - Appellation d'origine protégée";"Chassagne-Montrachet premier cru La Grande Borne blanc";"";
"AOC - Appellation d'origine contrôlée";"AOP - Appellation d'origine protégée";"Chassagne-Montrachet premier cru La Grande Borne rouge";"";
"AOC - Appellation d'origine contrôlée";"AOP - Appellation d'origine protégée";"Chassagne-Montrachet premier cru La Grande Montagne blanc";"";
"AOC - Appellation d'origine contrôlée";"AOP - Appellation d'origine protégée";"Chassagne-Montrachet premier cru La Grande Montagne rouge";"";
"AOC - Appellation d'origine contrôlée";"AOP - Appellation d'origine protégée";"Chassagne-Montrachet premier cru La Maltroie blanc";"";
"AOC - Appellation d'origine contrôlée";"AOP - Appellation d'origine protégée";"Chassagne-Montrachet premier cru La Maltroie rouge";"";
"AOC - Appellation d'origine contrôlée";"AOP - Appellation d'origine protégée";"Chassagne-Montrachet premier cru La Romanée blanc";"";
"AOC - Appellation d'origine contrôlée";"AOP - Appellation d'origine protégée";"Chassagne-Montrachet premier cru La Romanée rouge";"";
"AOC - Appellation d'origine contrôlée";"AOP - Appellation d'origine protégée";"Chassagne-Montrachet premier cru La Roquemaure blanc";"";
"AOC - Appellation d'origine contrôlée";"AOP - Appellation d'origine protégée";"Chassagne-Montrachet premier cru La Roquemaure rouge";"";
"AOC - Appellation d'origine contrôlée";"AOP - Appellation d'origine protégée";"Chassagne-Montrachet premier cru Les Baudines blanc";"";
"AOC - Appellation d'origine contrôlée";"AOP - Appellation d'origine protégée";"Chassagne-Montrachet premier cru Les Baudines rouge";"";
"AOC - Appellation d'origine contrôlée";"AOP - Appellation d'origine protégée";"Chassagne-Montrachet premier cru Les Boirettes blanc";"";
"AOC - Appellation d'origine contrôlée";"AOP - Appellation d'origine protégée";"Chassagne-Montrachet premier cru Les Boirettes rouge";"";
"AOC - Appellation d'origine contrôlée";"AOP - Appellation d'origine protégée";"Chassagne-Montrachet premier cru Les Bondues blanc";"";
"AOC - Appellation d'origine contrôlée";"AOP - Appellation d'origine protégée";"Chassagne-Montrachet premier cru Les Bondues rouge";"";
"AOC - Appellation d'origine contrôlée";"AOP - Appellation d'origine protégée";"Chassagne-Montrachet premier cru Les Brussonnes blanc";"";
"AOC - Appellation d'origine contrôlée";"AOP - Appellation d'origine protégée";"Chassagne-Montrachet premier cru Les Brussonnes rouge";"";
"AOC - Appellation d'origine contrôlée";"AOP - Appellation d'origine protégée";"Chassagne-Montrachet premier cru Les Champs gain blanc";"";
"AOC - Appellation d'origine contrôlée";"AOP - Appellation d'origine protégée";"Chassagne-Montrachet premier cru Les Champs gain rouge";"";
"AOC - Appellation d'origine contrôlée";"AOP - Appellation d'origine protégée";"Chassagne-Montrachet premier cru Les Chaumées blanc";"";
"AOC - Appellation d'origine contrôlée";"AOP - Appellation d'origine protégée";"Chassagne-Montrachet premier cru Les Chaumées rouge";"";
"AOC - Appellation d'origine contrôlée";"AOP - Appellation d'origine protégée";"Chassagne-Montrachet premier cru Les Chaumes blanc";"";
"AOC - Appellation d'origine contrôlée";"AOP - Appellation d'origine protégée";"Chassagne-Montrachet premier cru Les Chaumes rouge";"";
"AOC - Appellation d'origine contrôlée";"AOP - Appellation d'origine protégée";"Chassagne-Montrachet premier cru Les Chenevottes blanc";"";
"AOC - Appellation d'origine contrôlée";"AOP - Appellation d'origine protégée";"Chassagne-Montrachet premier cru Les Chenevottes rouge";"";
"AOC - Appellation d'origine contrôlée";"AOP - Appellation d'origine protégée";"Chassagne-Montrachet premier cru Les Combards blanc";"";
"AOC - Appellation d'origine contrôlée";"AOP - Appellation d'origine protégée";"Chassagne-Montrachet premier cru Les Combards rouge";"";
"AOC - Appellation d'origine contrôlée";"AOP - Appellation d'origine protégée";"Chassagne-Montrachet premier cru Les Commes blanc";"";
"AOC - Appellation d'origine contrôlée";"AOP - Appellation d'origine protégée";"Chassagne-Montrachet premier cru Les Commes rouge";"";
"AOC - Appellation d'origine contrôlée";"AOP - Appellation d'origine protégée";"Chassagne-Montrachet premier cru Les Embazées blanc";"";
"AOC - Appellation d'origine contrôlée";"AOP - Appellation d'origine protégée";"Chassagne-Montrachet premier cru Les Embazées rouge";"";
"AOC - Appellation d'origine contrôlée";"AOP - Appellation d'origine protégée";"Chassagne-Montrachet premier cru Les Fairendes blanc";"";
"AOC - Appellation d'origine contrôlée";"AOP - Appellation d'origine protégée";"Chassagne-Montrachet premier cru Les Fairendes rouge";"";
"AOC - Appellation d'origine contrôlée";"AOP - Appellation d'origine protégée";"Chassagne-Montrachet premier cru Les Grandes Ruchottes blanc";"";
"AOC - Appellation d'origine contrôlée";"AOP - Appellation d'origine protégée";"Chassagne-Montrachet premier cru Les Grandes Ruchottes rouge";"";
"AOC - Appellation d'origine contrôlée";"AOP - Appellation d'origine protégée";"Chassagne-Montrachet premier cru Les Grands Clos blanc";"";
"AOC - Appellation d'origine contrôlée";"AOP - Appellation d'origine protégée";"Chassagne-Montrachet premier cru Les Grands Clos rouge";"";
"AOC - Appellation d'origine contrôlée";"AOP - Appellation d'origine protégée";"Chassagne-Montrachet premier cru Les Macherelles blanc";"";
"AOC - Appellation d'origine contrôlée";"AOP - Appellation d'origine protégée";"Chassagne-Montrachet premier cru Les Macherelles rouge";"";
"AOC - Appellation d'origine contrôlée";"AOP - Appellation d'origine protégée";"Chassagne-Montrachet premier cru Les Murées blanc";"";
"AOC - Appellation d'origine contrôlée";"AOP - Appellation d'origine protégée";"Chassagne-Montrachet premier cru Les Murées rouge";"";
"AOC - Appellation d'origine contrôlée";"AOP - Appellation d'origine protégée";"Chassagne-Montrachet premier cru Les Pasquelles blanc";"";
"AOC - Appellation d'origine contrôlée";"AOP - Appellation d'origine protégée";"Chassagne-Montrachet premier cru Les Pasquelles rouge";"";
"AOC - Appellation d'origine contrôlée";"AOP - Appellation d'origine protégée";"Chassagne-Montrachet premier cru Les Petites Fairendes blanc";"";
"AOC - Appellation d'origine contrôlée";"AOP - Appellation d'origine protégée";"Chassagne-Montrachet premier cru Les Petites Fairendes rouge";"";
"AOC - Appellation d'origine contrôlée";"AOP - Appellation d'origine protégée";"Chassagne-Montrachet premier cru Les Petits Clos blanc";"";
"AOC - Appellation d'origine contrôlée";"AOP - Appellation d'origine protégée";"Chassagne-Montrachet premier cru Les Petits Clos rouge";"";
"AOC - Appellation d'origine contrôlée";"AOP - Appellation d'origine protégée";"Chassagne-Montrachet premier cru Les Places blanc";"";
"AOC - Appellation d'origine contrôlée";"AOP - Appellation d'origine protégée";"Chassagne-Montrachet premier cru Les Places rouge";"";
"AOC - Appellation d'origine contrôlée";"AOP - Appellation d'origine protégée";"Chassagne-Montrachet premier cru Les Rebichets blanc";"";
"AOC - Appellation d'origine contrôlée";"AOP - Appellation d'origine protégée";"Chassagne-Montrachet premier cru Les Rebichets rouge";"";
"AOC - Appellation d'origine contrôlée";"AOP - Appellation d'origine protégée";"Chassagne-Montrachet premier cru Les Vergers blanc";"";
"AOC - Appellation d'origine contrôlée";"AOP - Appellation d'origine protégée";"Chassagne-Montrachet premier cru Les Vergers rouge";"";
"AOC - Appellation d'origine contrôlée";"AOP - Appellation d'origine protégée";"Chassagne-Montrachet premier cru Morgeot blanc";"";
"AOC - Appellation d'origine contrôlée";"AOP - Appellation d'origine protégée";"Chassagne-Montrachet premier cru Morgeot rouge";"";
"AOC - Appellation d'origine contrôlée";"AOP - Appellation d'origine protégée";"Chassagne-Montrachet premier cru Petingeret blanc";"";
"AOC - Appellation d'origine contrôlée";"AOP - Appellation d'origine protégée";"Chassagne-Montrachet premier cru Petingeret rouge";"";
"AOC - Appellation d'origine contrôlée";"AOP - Appellation d'origine protégée";"Chassagne-Montrachet premier cru rouge";"";
"AOC - Appellation d'origine contrôlée";"AOP - Appellation d'origine protégée";"Chassagne-Montrachet premier cru Tête du Clos blanc";"";
"AOC - Appellation d'origine contrôlée";"AOP - Appellation d'origine protégée";"Chassagne-Montrachet premier cru Tête du Clos rouge";"";
"AOC - Appellation d'origine contrôlée";"AOP - Appellation d'origine protégée";"Chassagne-Montrachet premier cru Tonton Marcel blanc";"";
"AOC - Appellation d'origine contrôlée";"AOP - Appellation d'origine protégée";"Chassagne-Montrachet premier cru Tonton Marcel rouge";"";
"AOC - Appellation d'origine contrôlée";"AOP - Appellation d'origine protégée";"Chassagne-Montrachet premier cru Vide Bourse blanc";"";
"AOC - Appellation d'origine contrôlée";"AOP - Appellation d'origine protégée";"Chassagne-Montrachet premier cru Vide Bourse rouge";"";
"AOC - Appellation d'origine contrôlée";"AOP - Appellation d'origine protégée";"Chassagne-Montrachet premier cru Vigne Blanche blanc";"";
"AOC - Appellation d'origine contrôlée";"AOP - Appellation d'origine protégée";"Chassagne-Montrachet premier cru Vigne Blanche rouge";"";
"AOC - Appellation d'origine contrôlée";"AOP - Appellation d'origine protégée";"Chassagne-Montrachet premier cru Vigne Derrière blanc";"";
"AOC - Appellation d'origine contrôlée";"AOP - Appellation d'origine protégée";"Chassagne-Montrachet premier cru Vigne Derrière rouge";"";
"AOC - Appellation d'origine contrôlée";"AOP - Appellation d'origine protégée";"Chassagne-Montrachet rouge ou Chassagne-Montrachet Côte de Beaune";"";
"AOC - Appellation d'origine contrôlée";"AOP - Appellation d'origine protégée";"Chevalier-Montrachet";"";
"AOC - Appellation d'origine contrôlée";"AOP - Appellation d'origine protégée";"Chorey-lès-Beaune";"";
"AOC - Appellation d'origine contrôlée";"AOP - Appellation d'origine protégée";"Chorey-lès-Beaune rouge ou Chorey-lès-Beaune Côte de Beaune";"";
"AOC - Appellation d'origine contrôlée";"AOP - Appellation d'origine protégée";"Clos de la Roche";"";
"AOC - Appellation d'origine contrôlée";"AOP - Appellation d'origine protégée";"Clos de Tart";"";
"AOC - Appellation d'origine contrôlée";"AOP - Appellation d'origine protégée";"Clos de Vougeot ou Clos Vougeot";"";
"AOC - Appellation d'origine contrôlée";"AOP - Appellation d'origine protégée";"Clos des Lambrays";"";
"AOC - Appellation d'origine contrôlée";"AOP - Appellation d'origine protégée";"Clos Saint-Denis";"";
"AOC - Appellation d'origine contrôlée";"AOP - Appellation d'origine protégée";"Corton Basses Mourottes rouge";"";
"AOC - Appellation d'origine contrôlée";"AOP - Appellation d'origine protégée";"Corton blanc";"";
"AOC - Appellation d'origine contrôlée";"AOP - Appellation d'origine protégée";"Corton Clos des Meix rouge";"";
"AOC - Appellation d'origine contrôlée";"AOP - Appellation d'origine protégée";"Corton Hautes Mourottes rouge";"";
"AOC - Appellation d'origine contrôlée";"AOP - Appellation d'origine protégée";"Corton La Toppe au Vert rouge";"";
"AOC - Appellation d'origine contrôlée";"AOP - Appellation d'origine protégée";"Corton La Vigne au Saint rouge";"";
"AOC - Appellation d'origine contrôlée";"AOP - Appellation d'origine protégée";"Corton Le Clos du Roi rouge";"";
"AOC - Appellation d'origine contrôlée";"AOP - Appellation d'origine protégée";"Corton Le Corton rouge";"";
"AOC - Appellation d'origine contrôlée";"AOP - Appellation d'origine protégée";"Corton Le Meix Lallemand rouge";"";
"AOC - Appellation d'origine contrôlée";"AOP - Appellation d'origine protégée";"Corton Le Rognet et Corton rouge";"";
"AOC - Appellation d'origine contrôlée";"AOP - Appellation d'origine protégée";"Corton Les Bressandes rouge";"";
"AOC - Appellation d'origine contrôlée";"AOP - Appellation d'origine protégée";"Corton Les Carrières rouge";"";
"AOC - Appellation d'origine contrôlée";"AOP - Appellation d'origine protégée";"Corton Les Chaumes rouge";"";
"AOC - Appellation d'origine contrôlée";"AOP - Appellation d'origine protégée";"Corton Les Combes rouge";"";
"AOC - Appellation d'origine contrôlée";"AOP - Appellation d'origine protégée";"Corton Les Fiètres rouge";"";
"AOC - Appellation d'origine contrôlée";"AOP - Appellation d'origine protégée";"Corton Les Grandes Lolières rouge";"";
"AOC - Appellation d'origine contrôlée";"AOP - Appellation d'origine protégée";"Corton Les Grèves rouge";"";
"AOC - Appellation d'origine contrôlée";"AOP - Appellation d'origine protégée";"Corton Les Languettes rouge";"";
"AOC - Appellation d'origine contrôlée";"AOP - Appellation d'origine protégée";"Corton Les Maréchaudes rouge";"";
"AOC - Appellation d'origine contrôlée";"AOP - Appellation d'origine protégée";"Corton Les Moutottes rouge";"";
"AOC - Appellation d'origine contrôlée";"AOP - Appellation d'origine protégée";"Corton Les Paulands rouge";"";
"AOC - Appellation d'origine contrôlée";"AOP - Appellation d'origine protégée";"Corton Les Perrières rouge";"";
"AOC - Appellation d'origine contrôlée";"AOP - Appellation d'origine protégée";"Corton Les Pougets rouge";"";
"AOC - Appellation d'origine contrôlée";"AOP - Appellation d'origine protégée";"Corton Les Renardes rouge";"";
"AOC - Appellation d'origine contrôlée";"AOP - Appellation d'origine protégée";"Corton Les Vergennes rouge";"";
"AOC - Appellation d'origine contrôlée";"AOP - Appellation d'origine protégée";"Corton rouge";"";
"AOC - Appellation d'origine contrôlée";"AOP - Appellation d'origine protégée";"Corton-Charlemagne";"";
"AOC - Appellation d'origine contrôlée";"AOP - Appellation d'origine protégée";"Côte de Beaune blanc";"";
"AOC - Appellation d'origine contrôlée";"AOP - Appellation d'origine protégée";"Côte de Beaune rouge";"";
"AOC - Appellation d'origine contrôlée";"AOP - Appellation d'origine protégée";"Côte de Beaune-Villages";"";
"AOC - Appellation d'origine contrôlée";"AOP - Appellation d'origine protégée";"Côte de Nuits-Villages blanc ou Vins fins de la Côte de Nuits blanc";"";
"AOC - Appellation d'origine contrôlée";"AOP - Appellation d'origine protégée";"Côte de Nuits-Villages rouge ou Vins fins de la Côte de Nuits rouge";"";
"AOC - Appellation d'origine contrôlée";"AOP - Appellation d'origine protégée";"Coteaux Bourguignons ou Bourgogne grand ordinaire ou Bourgogne ordinaire blanc";"";
"AOC - Appellation d'origine contrôlée";"AOP - Appellation d'origine protégée";"Coteaux Bourguignons ou Bourgogne grand ordinaire ou Bourgogne ordinaire blanc nouveau ou primeur";"";
"AOC - Appellation d'origine contrôlée";"AOP - Appellation d'origine protégée";"Coteaux Bourguignons ou Bourgogne grand ordinaire ou Bourgogne ordinaire clairet ou rosé";"";
"AOC - Appellation d'origine contrôlée";"AOP - Appellation d'origine protégée";"Coteaux Bourguignons ou Bourgogne grand ordinaire ou Bourgogne ordinaire rouge";"";
"AOC - Appellation d'origine contrôlée";"AOP - Appellation d'origine protégée";"Crémant de Bourgogne blanc";"";
"AOC - Appellation d'origine contrôlée";"AOP - Appellation d'origine protégée";"Crémant de Bourgogne rosé";"";
"AOC - Appellation d'origine contrôlée";"AOP - Appellation d'origine protégée";"Criots-Bâtard-Montrachet";"";
"AOC - Appellation d'origine contrôlée";"AOP - Appellation d'origine protégée";"Echezeaux";"";
"AOC - Appellation d'origine contrôlée";"AOP - Appellation d'origine protégée";"Fixin blanc";"";
"AOC - Appellation d'origine contrôlée";"AOP - Appellation d'origine protégée";"Fixin premier cru Arvelets blanc";"";
"AOC - Appellation d'origine contrôlée";"AOP - Appellation d'origine protégée";"Fixin premier cru Arvelets rouge";"";
"AOC - Appellation d'origine contrôlée";"AOP - Appellation d'origine protégée";"Fixin premier cru blanc";"";
"AOC - Appellation d'origine contrôlée";"AOP - Appellation d'origine protégée";"Fixin premier cru Clos de la Perrière blanc";"";
"AOC - Appellation d'origine contrôlée";"AOP - Appellation d'origine protégée";"Fixin premier cru Clos de la Perrière rouge";"";
"AOC - Appellation d'origine contrôlée";"AOP - Appellation d'origine protégée";"Fixin premier cru Clos du Chapitre blanc";"";
"AOC - Appellation d'origine contrôlée";"AOP - Appellation d'origine protégée";"Fixin premier cru Clos du Chapitre rouge";"";
"AOC - Appellation d'origine contrôlée";"AOP - Appellation d'origine protégée";"Fixin premier cru Clos Napoléon blanc";"";
"AOC - Appellation d'origine contrôlée";"AOP - Appellation d'origine protégée";"Fixin premier cru Clos Napoléon rouge";"";
"AOC - Appellation d'origine contrôlée";"AOP - Appellation d'origine protégée";"Fixin premier cru Hervelets blanc";"";
"AOC - Appellation d'origine contrôlée";"AOP - Appellation d'origine protégée";"Fixin premier cru Hervelets rouge";"";
"AOC - Appellation d'origine contrôlée";"AOP - Appellation d'origine protégée";"Fixin premier cru Les Meix Bas blanc";"";
"AOC - Appellation d'origine contrôlée";"AOP - Appellation d'origine protégée";"Fixin premier cru Les Meix Bas rouge";"";
"AOC - Appellation d'origine contrôlée";"AOP - Appellation d'origine protégée";"Fixin premier cru rouge";"";
"AOC - Appellation d'origine contrôlée";"AOP - Appellation d'origine protégée";"Fixin rouge";"";
"AOC - Appellation d'origine contrôlée";"AOP - Appellation d'origine protégée";"Gevrey-Chambertin";"";
"AOC - Appellation d'origine contrôlée";"AOP - Appellation d'origine protégée";"Gevrey-Chambertin premier cru";"";
"AOC - Appellation d'origine contrôlée";"AOP - Appellation d'origine protégée";"Gevrey-Chambertin premier cru Au Closeau";"";
"AOC - Appellation d'origine contrôlée";"AOP - Appellation d'origine protégée";"Gevrey-Chambertin premier cru Aux Combottes";"";
"AOC - Appellation d'origine contrôlée";"AOP - Appellation d'origine protégée";"Gevrey-Chambertin premier cru Bel Air";"";
"AOC - Appellation d'origine contrôlée";"AOP - Appellation d'origine protégée";"Gevrey-Chambertin premier cru Champeaux";"";
"AOC - Appellation d'origine contrôlée";"AOP - Appellation d'origine protégée";"Gevrey-Chambertin premier cru Champonnet";"";
"AOC - Appellation d'origine contrôlée";"AOP - Appellation d'origine protégée";"Gevrey-Chambertin premier cru Cherbaudes";"";
"AOC - Appellation d'origine contrôlée";"AOP - Appellation d'origine protégée";"Gevrey-Chambertin premier cru Clos des Varoilles";"";
"AOC - Appellation d'origine contrôlée";"AOP - Appellation d'origine protégée";"Gevrey-Chambertin premier cru Clos du Chapitre";"";
"AOC - Appellation d'origine contrôlée";"AOP - Appellation d'origine protégée";"Gevrey-Chambertin premier cru Clos Prieur";"";
"AOC - Appellation d'origine contrôlée";"AOP - Appellation d'origine protégée";"Gevrey-Chambertin premier cru Clos Saint-Jacques";"";
"AOC - Appellation d'origine contrôlée";"AOP - Appellation d'origine protégée";"Gevrey-Chambertin premier cru Combe au Moine";"";
"AOC - Appellation d'origine contrôlée";"AOP - Appellation d'origine protégée";"Gevrey-Chambertin premier cru Craipillot";"";
"AOC - Appellation d'origine contrôlée";"AOP - Appellation d'origine protégée";"Gevrey-Chambertin premier cru En Ergot";"";
"AOC - Appellation d'origine contrôlée";"AOP - Appellation d'origine protégée";"Gevrey-Chambertin premier cru Estournelles-Saint-Jacques";"";
"AOC - Appellation d'origine contrôlée";"AOP - Appellation d'origine protégée";"Gevrey-Chambertin premier cru Fonteny";"";
"AOC - Appellation d'origine contrôlée";"AOP - Appellation d'origine protégée";"Gevrey-Chambertin premier cru Issarts";"";
"AOC - Appellation d'origine contrôlée";"AOP - Appellation d'origine protégée";"Gevrey-Chambertin premier cru La Bossière";"";
"AOC - Appellation d'origine contrôlée";"AOP - Appellation d'origine protégée";"Gevrey-Chambertin premier cru La Perrière";"";
"AOC - Appellation d'origine contrôlée";"AOP - Appellation d'origine protégée";"Gevrey-Chambertin premier cru La Romanée";"";
"AOC - Appellation d'origine contrôlée";"AOP - Appellation d'origine protégée";"Gevrey-Chambertin premier cru Lavaut Saint-Jacques";"";
"AOC - Appellation d'origine contrôlée";"AOP - Appellation d'origine protégée";"Gevrey-Chambertin premier cru Les Cazetiers";"";
"AOC - Appellation d'origine contrôlée";"AOP - Appellation d'origine protégée";"Gevrey-Chambertin premier cru Les Corbeaux";"";
"AOC - Appellation d'origine contrôlée";"AOP - Appellation d'origine protégée";"Gevrey-Chambertin premier cru Les Goulots";"";
"AOC - Appellation d'origine contrôlée";"AOP - Appellation d'origine protégée";"Gevrey-Chambertin premier cru Petite Chapelle";"";
"AOC - Appellation d'origine contrôlée";"AOP - Appellation d'origine protégée";"Gevrey-Chambertin premier cru Petits Cazetiers";"";
"AOC - Appellation d'origine contrôlée";"AOP - Appellation d'origine protégée";"Gevrey-Chambertin premier cru Poissenot";"";
"AOC - Appellation d'origine contrôlée";"AOP - Appellation d'origine protégée";"Grands-Echezeaux";"";
"AOC - Appellation d'origine contrôlée";"AOP - Appellation d'origine protégée";"Griotte-Chambertin";"";
"AOC - Appellation d'origine contrôlée";"AOP - Appellation d'origine protégée";"La Grande Rue";"";
"AOC - Appellation d'origine contrôlée";"AOP - Appellation d'origine protégée";"La Romanée";"";
"AOC - Appellation d'origine contrôlée";"AOP - Appellation d'origine protégée";"La Tâche";"";
"AOC - Appellation d'origine contrôlée";"AOP - Appellation d'origine protégée";"Ladoix blanc";"";
"AOC - Appellation d'origine contrôlée";"AOP - Appellation d'origine protégée";"Ladoix premier cru Basses Mourottes blanc";"";
"AOC - Appellation d'origine contrôlée";"AOP - Appellation d'origine protégée";"Ladoix premier cru Basses Mourottes rouge";"";
"AOC - Appellation d'origine contrôlée";"AOP - Appellation d'origine protégée";"Ladoix premier cru blanc";"";
"AOC - Appellation d'origine contrôlée";"AOP - Appellation d'origine protégée";"Ladoix premier cru Bois Roussot rouge";"";
"AOC - Appellation d'origine contrôlée";"AOP - Appellation d'origine protégée";"Ladoix premier cru En Naget blanc";"";
"AOC - Appellation d'origine contrôlée";"AOP - Appellation d'origine protégée";"Ladoix premier cru Hautes Mourottes blanc";"";
"AOC - Appellation d'origine contrôlée";"AOP - Appellation d'origine protégée";"Ladoix premier cru Hautes Mourottes rouge";"";
"AOC - Appellation d'origine contrôlée";"AOP - Appellation d'origine protégée";"Ladoix premier cru La Corvée blanc";"";
"AOC - Appellation d'origine contrôlée";"AOP - Appellation d'origine protégée";"Ladoix premier cru La Corvée rouge";"";
"AOC - Appellation d'origine contrôlée";"AOP - Appellation d'origine protégée";"Ladoix premier cru La Micaude blanc";"";
"AOC - Appellation d'origine contrôlée";"AOP - Appellation d'origine protégée";"Ladoix premier cru La Micaude rouge";"";
"AOC - Appellation d'origine contrôlée";"AOP - Appellation d'origine protégée";"Ladoix premier cru Le Clou d'Orge blanc";"";
"AOC - Appellation d'origine contrôlée";"AOP - Appellation d'origine protégée";"Ladoix premier cru Le Clou d'Orge rouge";"";
"AOC - Appellation d'origine contrôlée";"AOP - Appellation d'origine protégée";"Ladoix premier cru Le Rognet et Corton blanc";"";
"AOC - Appellation d'origine contrôlée";"AOP - Appellation d'origine protégée";"Ladoix premier cru Les Buis rouge";"";
"AOC - Appellation d'origine contrôlée";"AOP - Appellation d'origine protégée";"Ladoix premier cru Les Grêchons et Foutrières blanc";"";
"AOC - Appellation d'origine contrôlée";"AOP - Appellation d'origine protégée";"Ladoix premier cru Les Joyeuses rouge";"";
"AOC - Appellation d'origine contrôlée";"AOP - Appellation d'origine protégée";"Ladoix premier cru rouge";"";
"AOC - Appellation d'origine contrôlée";"AOP - Appellation d'origine protégée";"Ladoix rouge ou Ladoix Côte de Beaune";"";
"AOC - Appellation d'origine contrôlée";"AOP - Appellation d'origine protégée";"Latricières-Chambertin";"";
"AOC - Appellation d'origine contrôlée";"AOP - Appellation d'origine protégée";"Marsannay blanc";"";
"AOC - Appellation d'origine contrôlée";"AOP - Appellation d'origine protégée";"Marsannay rosé";"";
"AOC - Appellation d'origine contrôlée";"AOP - Appellation d'origine protégée";"Marsannay rouge";"";
"AOC - Appellation d'origine contrôlée";"AOP - Appellation d'origine protégée";"Mazis-Chambertin";"";
"AOC - Appellation d'origine contrôlée";"AOP - Appellation d'origine protégée";"Mazoyères-Chambertin";"";
"AOC - Appellation d'origine contrôlée";"AOP - Appellation d'origine protégée";"Meursault blanc";"";
"AOC - Appellation d'origine contrôlée";"AOP - Appellation d'origine protégée";"Meursault premier cru Blagny blanc";"";
"AOC - Appellation d'origine contrôlée";"AOP - Appellation d'origine protégée";"Meursault premier cru blanc";"";
"AOC - Appellation d'origine contrôlée";"AOP - Appellation d'origine protégée";"Meursault premier cru Charmes blanc";"";
"AOC - Appellation d'origine contrôlée";"AOP - Appellation d'origine protégée";"Meursault premier cru Charmes rouge";"";
"AOC - Appellation d'origine contrôlée";"AOP - Appellation d'origine protégée";"Meursault premier cru Clos des Perrières blanc";"";
"AOC - Appellation d'origine contrôlée";"AOP - Appellation d'origine protégée";"Meursault premier cru Clos des Perrières rouge";"";
"AOC - Appellation d'origine contrôlée";"AOP - Appellation d'origine protégée";"Meursault premier cru Genevrières blanc";"";
"AOC - Appellation d'origine contrôlée";"AOP - Appellation d'origine protégée";"Meursault premier cru Genevrières rouge";"";
"AOC - Appellation d'origine contrôlée";"AOP - Appellation d'origine protégée";"Meursault premier cru La Jeunellotte blanc";"";
"AOC - Appellation d'origine contrôlée";"AOP - Appellation d'origine protégée";"Meursault premier cru La Pièce sous le Bois blanc";"";
"AOC - Appellation d'origine contrôlée";"AOP - Appellation d'origine protégée";"Meursault premier cru Le Porusot blanc";"";
"AOC - Appellation d'origine contrôlée";"AOP - Appellation d'origine protégée";"Meursault premier cru Le Porusot rouge";"";
"AOC - Appellation d'origine contrôlée";"AOP - Appellation d'origine protégée";"Meursault premier cru Les Bouchères blanc";"";
"AOC - Appellation d'origine contrôlée";"AOP - Appellation d'origine protégée";"Meursault premier cru Les Bouchères rouge";"";
"AOC - Appellation d'origine contrôlée";"AOP - Appellation d'origine protégée";"Meursault premier cru Les Caillerets blanc";"";
"AOC - Appellation d'origine contrôlée";"AOP - Appellation d'origine protégée";"Meursault premier cru Les Caillerets rouge";"";
"AOC - Appellation d'origine contrôlée";"AOP - Appellation d'origine protégée";"Meursault premier cru Les Cras blanc";"";
"AOC - Appellation d'origine contrôlée";"AOP - Appellation d'origine protégée";"Meursault premier cru Les Cras rouge";"";
"AOC - Appellation d'origine contrôlée";"AOP - Appellation d'origine protégée";"Meursault premier cru Les Gouttes d'Or blanc";"";
"AOC - Appellation d'origine contrôlée";"AOP - Appellation d'origine protégée";"Meursault premier cru Les Gouttes d'Or rouge";"";
"AOC - Appellation d'origine contrôlée";"AOP - Appellation d'origine protégée";"Meursault premier cru Les Plures blanc";"";
"AOC - Appellation d'origine contrôlée";"AOP - Appellation d'origine protégée";"Meursault premier cru Les Ravelles blanc";"";
"AOC - Appellation d'origine contrôlée";"AOP - Appellation d'origine protégée";"Meursault premier cru Les Santenots Blancs blanc";"";
"AOC - Appellation d'origine contrôlée";"AOP - Appellation d'origine protégée";"Meursault premier cru Les Santenots du Milieu blanc";"";
"AOC - Appellation d'origine contrôlée";"AOP - Appellation d'origine protégée";"Meursault premier cru Perrières blanc";"";
"AOC - Appellation d'origine contrôlée";"AOP - Appellation d'origine protégée";"Meursault premier cru Perrières rouge";"";
"AOC - Appellation d'origine contrôlée";"AOP - Appellation d'origine protégée";"Meursault premier cru Porusot blanc";"";
"AOC - Appellation d'origine contrôlée";"AOP - Appellation d'origine protégée";"Meursault premier cru Porusot rouge";"";
"AOC - Appellation d'origine contrôlée";"AOP - Appellation d'origine protégée";"Meursault premier cru rouge";"";
"AOC - Appellation d'origine contrôlée";"AOP - Appellation d'origine protégée";"Meursault premier cru Sous Blagny blanc";"";
"AOC - Appellation d'origine contrôlée";"AOP - Appellation d'origine protégée";"Meursault premier cru Sous le Dos d'Ane blanc";"";
"AOC - Appellation d'origine contrôlée";"AOP - Appellation d'origine protégée";"Meursault rouge ou Meursault Côte de Beaune";"";
"AOC - Appellation d'origine contrôlée";"AOP - Appellation d'origine protégée";"Monthélie blanc";"";
"AOC - Appellation d'origine contrôlée";"AOP - Appellation d'origine protégée";"Monthélie premier cru blanc";"";
"AOC - Appellation d'origine contrôlée";"AOP - Appellation d'origine protégée";"Monthélie premier cru Clos des Toisières blanc";"";
"AOC - Appellation d'origine contrôlée";"AOP - Appellation d'origine protégée";"Monthélie premier cru Clos des Toisières rouge";"";
"AOC - Appellation d'origine contrôlée";"AOP - Appellation d'origine protégée";"Monthélie premier cru La Taupine blanc";"";
"AOC - Appellation d'origine contrôlée";"AOP - Appellation d'origine protégée";"Monthélie premier cru La Taupine rouge";"";
"AOC - Appellation d'origine contrôlée";"AOP - Appellation d'origine protégée";"Monthélie premier cru Le Cas Rougeot blanc";"";
"AOC - Appellation d'origine contrôlée";"AOP - Appellation d'origine protégée";"Monthélie premier cru Le Cas Rougeot rouge";"";
"AOC - Appellation d'origine contrôlée";"AOP - Appellation d'origine protégée";"Monthélie premier cru Le Château Gaillard blanc";"";
"AOC - Appellation d'origine contrôlée";"AOP - Appellation d'origine protégée";"Monthélie premier cru Le Château Gaillard rouge";"";
"AOC - Appellation d'origine contrôlée";"AOP - Appellation d'origine protégée";"Monthélie premier cru Le Clos Gauthey blanc";"";
"AOC - Appellation d'origine contrôlée";"AOP - Appellation d'origine protégée";"Monthélie premier cru Le Clos Gauthey rouge";"";
"AOC - Appellation d'origine contrôlée";"AOP - Appellation d'origine protégée";"Monthélie premier cru Le Clou des Chênes blanc";"";
"AOC - Appellation d'origine contrôlée";"AOP - Appellation d'origine protégée";"Monthélie premier cru Le Clou des Chênes rouge";"";
"AOC - Appellation d'origine contrôlée";"AOP - Appellation d'origine protégée";"Monthélie premier cru Le Meix Bataille blanc";"";
"AOC - Appellation d'origine contrôlée";"AOP - Appellation d'origine protégée";"Monthélie premier cru Le Meix Bataille rouge";"";
"AOC - Appellation d'origine contrôlée";"AOP - Appellation d'origine protégée";"Monthélie premier cru Le Village blanc";"";
"AOC - Appellation d'origine contrôlée";"AOP - Appellation d'origine protégée";"Monthélie premier cru Le Village rouge";"";
"AOC - Appellation d'origine contrôlée";"AOP - Appellation d'origine protégée";"Monthélie premier cru Les Barbières blanc";"";
"AOC - Appellation d'origine contrôlée";"AOP - Appellation d'origine protégée";"Monthélie premier cru Les Barbières rouge";"";
"AOC - Appellation d'origine contrôlée";"AOP - Appellation d'origine protégée";"Monthélie premier cru Les Champs Fulliots blanc";"";
"AOC - Appellation d'origine contrôlée";"AOP - Appellation d'origine protégée";"Monthélie premier cru Les Champs Fulliots rouge";"";
"AOC - Appellation d'origine contrôlée";"AOP - Appellation d'origine protégée";"Monthélie premier cru Les Clous blanc";"";
"AOC - Appellation d'origine contrôlée";"AOP - Appellation d'origine protégée";"Monthélie premier cru Les Clous rouge";"";
"AOC - Appellation d'origine contrôlée";"AOP - Appellation d'origine protégée";"Monthélie premier cru Les Duresses blanc";"";
"AOC - Appellation d'origine contrôlée";"AOP - Appellation d'origine protégée";"Monthélie premier cru Les Duresses rouge";"";
"AOC - Appellation d'origine contrôlée";"AOP - Appellation d'origine protégée";"Monthélie premier cru Les Riottes blanc";"";
"AOC - Appellation d'origine contrôlée";"AOP - Appellation d'origine protégée";"Monthélie premier cru Les Riottes rouge";"";
"AOC - Appellation d'origine contrôlée";"AOP - Appellation d'origine protégée";"Monthélie premier cru Les Vignes Rondes blanc";"";
"AOC - Appellation d'origine contrôlée";"AOP - Appellation d'origine protégée";"Monthélie premier cru Les Vignes Rondes rouge";"";
"AOC - Appellation d'origine contrôlée";"AOP - Appellation d'origine protégée";"Monthélie premier cru rouge";"";
"AOC - Appellation d'origine contrôlée";"AOP - Appellation d'origine protégée";"Monthélie premier cru Sur la Velle blanc";"";
"AOC - Appellation d'origine contrôlée";"AOP - Appellation d'origine protégée";"Monthélie premier cru Sur la Velle rouge";"";
"AOC - Appellation d'origine contrôlée";"AOP - Appellation d'origine protégée";"Monthélie rouge (ou Monthélie Côte de Beaune)";"";
"AOC - Appellation d'origine contrôlée";"AOP - Appellation d'origine protégée";"Montrachet";"";
"AOC - Appellation d'origine contrôlée";"AOP - Appellation d'origine protégée";"Morey-Saint-Denis blanc";"";
"AOC - Appellation d'origine contrôlée";"AOP - Appellation d'origine protégée";"Morey-Saint-Denis premier cru Aux Charmes blanc";"";
"AOC - Appellation d'origine contrôlée";"AOP - Appellation d'origine protégée";"Morey-Saint-Denis premier cru Aux Charmes rouge";"";
"AOC - Appellation d'origine contrôlée";"AOP - Appellation d'origine protégée";"Morey-Saint-Denis premier cru Aux Cheseaux blanc";"";
"AOC - Appellation d'origine contrôlée";"AOP - Appellation d'origine protégée";"Morey-Saint-Denis premier cru Aux Cheseaux rouge";"";
"AOC - Appellation d'origine contrôlée";"AOP - Appellation d'origine protégée";"Morey-Saint-Denis premier cru blanc";"";
"AOC - Appellation d'origine contrôlée";"AOP - Appellation d'origine protégée";"Morey-Saint-Denis premier cru Clos Baulet blanc";"";
"AOC - Appellation d'origine contrôlée";"AOP - Appellation d'origine protégée";"Morey-Saint-Denis premier cru Clos Baulet rouge";"";
"AOC - Appellation d'origine contrôlée";"AOP - Appellation d'origine protégée";"Morey-Saint-Denis premier cru Clos des Ormes blanc";"";
"AOC - Appellation d'origine contrôlée";"AOP - Appellation d'origine protégée";"Morey-Saint-Denis premier cru Clos des Ormes rouge";"";
"AOC - Appellation d'origine contrôlée";"AOP - Appellation d'origine protégée";"Morey-Saint-Denis premier cru Clos Sorbè blanc";"";
"AOC - Appellation d'origine contrôlée";"AOP - Appellation d'origine protégée";"Morey-Saint-Denis premier cru Clos Sorbè rouge";"";
"AOC - Appellation d'origine contrôlée";"AOP - Appellation d'origine protégée";"Morey-Saint-Denis premier cru Côte Rotie blanc";"";
"AOC - Appellation d'origine contrôlée";"AOP - Appellation d'origine protégée";"Morey-Saint-Denis premier cru Côte Rotie rouge";"";
"AOC - Appellation d'origine contrôlée";"AOP - Appellation d'origine protégée";"Morey-Saint-Denis premier cru La Bussière blanc";"";
"AOC - Appellation d'origine contrôlée";"AOP - Appellation d'origine protégée";"Morey-Saint-Denis premier cru La Bussière rouge";"";
"AOC - Appellation d'origine contrôlée";"AOP - Appellation d'origine protégée";"Morey-Saint-Denis premier cru La Riotte blanc";"";
"AOC - Appellation d'origine contrôlée";"AOP - Appellation d'origine protégée";"Morey-Saint-Denis premier cru La Riotte rouge";"";
"AOC - Appellation d'origine contrôlée";"AOP - Appellation d'origine protégée";"Morey-Saint-Denis premier cru Le Village blanc";"";
"AOC - Appellation d'origine contrôlée";"AOP - Appellation d'origine protégée";"Morey-Saint-Denis premier cru Le Village rouge";"";
"AOC - Appellation d'origine contrôlée";"AOP - Appellation d'origine protégée";"Morey-Saint-Denis premier cru Les Blanchards blanc";"";
"AOC - Appellation d'origine contrôlée";"AOP - Appellation d'origine protégée";"Morey-Saint-Denis premier cru Les Blanchards rouge";"";
"AOC - Appellation d'origine contrôlée";"AOP - Appellation d'origine protégée";"Morey-Saint-Denis premier cru Les Chaffots blanc";"";
"AOC - Appellation d'origine contrôlée";"AOP - Appellation d'origine protégée";"Morey-Saint-Denis premier cru Les Chaffots rouge";"";
"AOC - Appellation d'origine contrôlée";"AOP - Appellation d'origine protégée";"Morey-Saint-Denis premier cru Les Charrières blanc";"";
"AOC - Appellation d'origine contrôlée";"AOP - Appellation d'origine protégée";"Morey-Saint-Denis premier cru Les Charrières rouge";"";
"AOC - Appellation d'origine contrôlée";"AOP - Appellation d'origine protégée";"Morey-Saint-Denis premier cru Les Chenevery blanc";"";
"AOC - Appellation d'origine contrôlée";"AOP - Appellation d'origine protégée";"Morey-Saint-Denis premier cru Les Chenevery rouge";"";
"AOC - Appellation d'origine contrôlée";"AOP - Appellation d'origine protégée";"Morey-Saint-Denis premier cru Les Faconnières blanc";"";
"AOC - Appellation d'origine contrôlée";"AOP - Appellation d'origine protégée";"Morey-Saint-Denis premier cru Les Faconnières rouge";"";
"AOC - Appellation d'origine contrôlée";"AOP - Appellation d'origine protégée";"Morey-Saint-Denis premier cru Les Genavrières blanc";"";
"AOC - Appellation d'origine contrôlée";"AOP - Appellation d'origine protégée";"Morey-Saint-Denis premier cru Les Genavrières rouge";"";
"AOC - Appellation d'origine contrôlée";"AOP - Appellation d'origine protégée";"Morey-Saint-Denis premier cru Les Gruenchers blanc";"";
"AOC - Appellation d'origine contrôlée";"AOP - Appellation d'origine protégée";"Morey-Saint-Denis premier cru Les Gruenchers rouge";"";
"AOC - Appellation d'origine contrôlée";"AOP - Appellation d'origine protégée";"Morey-Saint-Denis premier cru Les Millandes blanc";"";
"AOC - Appellation d'origine contrôlée";"AOP - Appellation d'origine protégée";"Morey-Saint-Denis premier cru Les Millandes rouge";"";
"AOC - Appellation d'origine contrôlée";"AOP - Appellation d'origine protégée";"Morey-Saint-Denis premier cru Les Ruchots blanc";"";
"AOC - Appellation d'origine contrôlée";"AOP - Appellation d'origine protégée";"Morey-Saint-Denis premier cru Les Ruchots rouge";"";
"AOC - Appellation d'origine contrôlée";"AOP - Appellation d'origine protégée";"Morey-Saint-Denis premier cru Les Sorbès blanc";"";
"AOC - Appellation d'origine contrôlée";"AOP - Appellation d'origine protégée";"Morey-Saint-Denis premier cru Les Sorbès rouge";"";
"AOC - Appellation d'origine contrôlée";"AOP - Appellation d'origine protégée";"Morey-Saint-Denis premier cru Monts Luisants blanc";"";
"AOC - Appellation d'origine contrôlée";"AOP - Appellation d'origine protégée";"Morey-Saint-Denis premier cru Monts Luisants rouge";"";
"AOC - Appellation d'origine contrôlée";"AOP - Appellation d'origine protégée";"Morey-Saint-Denis premier cru rouge";"";
"AOC - Appellation d'origine contrôlée";"AOP - Appellation d'origine protégée";"Morey-Saint-Denis rouge";"";
"AOC - Appellation d'origine contrôlée";"AOP - Appellation d'origine protégée";"Musigny blanc";"";
"AOC - Appellation d'origine contrôlée";"AOP - Appellation d'origine protégée";"Musigny rouge";"";
"AOC - Appellation d'origine contrôlée";"AOP - Appellation d'origine protégée";"Nuits-Saint-Georges blanc";"";
"AOC - Appellation d'origine contrôlée";"AOP - Appellation d'origine protégée";"Nuits-Saint-Georges premier cru Aux Argillas blanc";"";
"AOC - Appellation d'origine contrôlée";"AOP - Appellation d'origine protégée";"Nuits-Saint-Georges premier cru Aux Argillas rouge";"";
"AOC - Appellation d'origine contrôlée";"AOP - Appellation d'origine protégée";"Nuits-Saint-Georges premier cru Aux Boudots blanc";"";
"AOC - Appellation d'origine contrôlée";"AOP - Appellation d'origine protégée";"Nuits-Saint-Georges premier cru Aux Boudots rouge";"";
"AOC - Appellation d'origine contrôlée";"AOP - Appellation d'origine protégée";"Nuits-Saint-Georges premier cru Aux Bousselots blanc";"";
"AOC - Appellation d'origine contrôlée";"AOP - Appellation d'origine protégée";"Nuits-Saint-Georges premier cru Aux Bousselots rouge";"";
"AOC - Appellation d'origine contrôlée";"AOP - Appellation d'origine protégée";"Nuits-Saint-Georges premier cru Aux Chaignots blanc";"";
"AOC - Appellation d'origine contrôlée";"AOP - Appellation d'origine protégée";"Nuits-Saint-Georges premier cru Aux Chaignots rouge";"";
"AOC - Appellation d'origine contrôlée";"AOP - Appellation d'origine protégée";"Nuits-Saint-Georges premier cru Aux Champs Perdrix blanc";"";
"AOC - Appellation d'origine contrôlée";"AOP - Appellation d'origine protégée";"Nuits-Saint-Georges premier cru Aux Champs Perdrix rouge";"";
"AOC - Appellation d'origine contrôlée";"AOP - Appellation d'origine protégée";"Nuits-Saint-Georges premier cru Aux Cras blanc";"";
"AOC - Appellation d'origine contrôlée";"AOP - Appellation d'origine protégée";"Nuits-Saint-Georges premier cru Aux Cras rouge";"";
"AOC - Appellation d'origine contrôlée";"AOP - Appellation d'origine protégée";"Nuits-Saint-Georges premier cru Aux Murgers blanc";"";
"AOC - Appellation d'origine contrôlée";"AOP - Appellation d'origine protégée";"Nuits-Saint-Georges premier cru Aux Murgers rouge";"";
"AOC - Appellation d'origine contrôlée";"AOP - Appellation d'origine protégée";"Nuits-Saint-Georges premier cru Aux Perdrix blanc";"";
"AOC - Appellation d'origine contrôlée";"AOP - Appellation d'origine protégée";"Nuits-Saint-Georges premier cru Aux Perdrix rouge";"";
"AOC - Appellation d'origine contrôlée";"AOP - Appellation d'origine protégée";"Nuits-Saint-Georges premier cru Aux Thorey blanc";"";
"AOC - Appellation d'origine contrôlée";"AOP - Appellation d'origine protégée";"Nuits-Saint-Georges premier cru Aux Thorey rouge";"";
"AOC - Appellation d'origine contrôlée";"AOP - Appellation d'origine protégée";"Nuits-Saint-Georges premier cru Aux Vignerondes blanc";"";
"AOC - Appellation d'origine contrôlée";"AOP - Appellation d'origine protégée";"Nuits-Saint-Georges premier cru Aux Vignerondes rouge";"";
"AOC - Appellation d'origine contrôlée";"AOP - Appellation d'origine protégée";"Nuits-Saint-Georges premier cru blanc";"";
"AOC - Appellation d'origine contrôlée";"AOP - Appellation d'origine protégée";"Nuits-Saint-Georges premier cru Chaines Carteaux blanc";"";
"AOC - Appellation d'origine contrôlée";"AOP - Appellation d'origine protégée";"Nuits-Saint-Georges premier cru Chaines Carteaux rouge";"";
"AOC - Appellation d'origine contrôlée";"AOP - Appellation d'origine protégée";"Nuits-Saint-Georges premier cru Château Gris blanc";"";
"AOC - Appellation d'origine contrôlée";"AOP - Appellation d'origine protégée";"Nuits-Saint-Georges premier cru Château Gris rouge";"";
"AOC - Appellation d'origine contrôlée";"AOP - Appellation d'origine protégée";"Nuits-Saint-Georges premier cru Clos Arlot blanc";"";
"AOC - Appellation d'origine contrôlée";"AOP - Appellation d'origine protégée";"Nuits-Saint-Georges premier cru Clos Arlot rouge";"";
"AOC - Appellation d'origine contrôlée";"AOP - Appellation d'origine protégée";"Nuits-Saint-Georges premier cru Clos de la Maréchale blanc";"";
"AOC - Appellation d'origine contrôlée";"AOP - Appellation d'origine protégée";"Nuits-Saint-Georges premier cru Clos de la Maréchale rouge";"";
"AOC - Appellation d'origine contrôlée";"AOP - Appellation d'origine protégée";"Nuits-Saint-Georges premier cru Clos des Argillières blanc";"";
"AOC - Appellation d'origine contrôlée";"AOP - Appellation d'origine protégée";"Nuits-Saint-Georges premier cru Clos des Argillières rouge";"";
"AOC - Appellation d'origine contrôlée";"AOP - Appellation d'origine protégée";"Nuits-Saint-Georges premier cru Clos des Corvées blanc";"";
"AOC - Appellation d'origine contrôlée";"AOP - Appellation d'origine protégée";"Nuits-Saint-Georges premier cru Clos des Corvées Pagets blanc";"";
"AOC - Appellation d'origine contrôlée";"AOP - Appellation d'origine protégée";"Nuits-Saint-Georges premier cru Clos des Corvées Pagets rouge";"";
"AOC - Appellation d'origine contrôlée";"AOP - Appellation d'origine protégée";"Nuits-Saint-Georges premier cru Clos des Corvées rouge";"";
"AOC - Appellation d'origine contrôlée";"AOP - Appellation d'origine protégée";"Nuits-Saint-Georges premier cru Clos des Forêts Saint-Georges blanc";"";
"AOC - Appellation d'origine contrôlée";"AOP - Appellation d'origine protégée";"Nuits-Saint-Georges premier cru Clos des Forêts Saint-Georges rouge";"";
"AOC - Appellation d'origine contrôlée";"AOP - Appellation d'origine protégée";"Nuits-Saint-Georges premier cru Clos des Grandes Vignes blanc";"";
"AOC - Appellation d'origine contrôlée";"AOP - Appellation d'origine protégée";"Nuits-Saint-Georges premier cru Clos des Grandes Vignes rouge";"";
"AOC - Appellation d'origine contrôlée";"AOP - Appellation d'origine protégée";"Nuits-Saint-Georges premier cru Clos des Porrets-Saint-Georges blanc";"";
"AOC - Appellation d'origine contrôlée";"AOP - Appellation d'origine protégée";"Nuits-Saint-Georges premier cru Clos des Porrets-Saint-Georges rouge";"";
"AOC - Appellation d'origine contrôlée";"AOP - Appellation d'origine protégée";"Nuits-Saint-Georges premier cru Clos Saint-Marc blanc";"";
"AOC - Appellation d'origine contrôlée";"AOP - Appellation d'origine protégée";"Nuits-Saint-Georges premier cru Clos Saint-Marc rouge";"";
"AOC - Appellation d'origine contrôlée";"AOP - Appellation d'origine protégée";"Nuits-Saint-Georges premier cru En la Perrière Noblot blanc";"";
"AOC - Appellation d'origine contrôlée";"AOP - Appellation d'origine protégée";"Nuits-Saint-Georges premier cru En la Perrière Noblot rouge";"";
"AOC - Appellation d'origine contrôlée";"AOP - Appellation d'origine protégée";"Nuits-Saint-Georges premier cru La Richemone blanc";"";
"AOC - Appellation d'origine contrôlée";"AOP - Appellation d'origine protégée";"Nuits-Saint-Georges premier cru La Richemone rouge";"";
"AOC - Appellation d'origine contrôlée";"AOP - Appellation d'origine protégée";"Nuits-Saint-Georges premier cru Les Argillières blanc";"";
"AOC - Appellation d'origine contrôlée";"AOP - Appellation d'origine protégée";"Nuits-Saint-Georges premier cru Les Argillières rouge";"";
"AOC - Appellation d'origine contrôlée";"AOP - Appellation d'origine protégée";"Nuits-Saint-Georges premier cru Les Cailles blanc";"";
"AOC - Appellation d'origine contrôlée";"AOP - Appellation d'origine protégée";"Nuits-Saint-Georges premier cru Les Cailles rouge";"";
"AOC - Appellation d'origine contrôlée";"AOP - Appellation d'origine protégée";"Nuits-Saint-Georges premier cru Les Chabœufs blanc";"";
"AOC - Appellation d'origine contrôlée";"AOP - Appellation d'origine protégée";"Nuits-Saint-Georges premier cru Les Chabœufs rouge";"";
"AOC - Appellation d'origine contrôlée";"AOP - Appellation d'origine protégée";"Nuits-Saint-Georges premier cru Les Crots blanc";"";
"AOC - Appellation d'origine contrôlée";"AOP - Appellation d'origine protégée";"Nuits-Saint-Georges premier cru Les Crots rouge";"";
"AOC - Appellation d'origine contrôlée";"AOP - Appellation d'origine protégée";"Nuits-Saint-Georges premier cru Les Damodes blanc";"";
"AOC - Appellation d'origine contrôlée";"AOP - Appellation d'origine protégée";"Nuits-Saint-Georges premier cru Les Damodes rouge";"";
"AOC - Appellation d'origine contrôlée";"AOP - Appellation d'origine protégée";"Nuits-Saint-Georges premier cru Les Didiers blanc";"";
"AOC - Appellation d'origine contrôlée";"AOP - Appellation d'origine protégée";"Nuits-Saint-Georges premier cru Les Didiers rouge";"";
"AOC - Appellation d'origine contrôlée";"AOP - Appellation d'origine protégée";"Nuits-Saint-Georges premier cru Les Hauts Pruliers blanc";"";
"AOC - Appellation d'origine contrôlée";"AOP - Appellation d'origine protégée";"Nuits-Saint-Georges premier cru Les Hauts Pruliers rouge";"";
"AOC - Appellation d'origine contrôlée";"AOP - Appellation d'origine protégée";"Nuits-Saint-Georges premier cru Les Perrières blanc";"";
"AOC - Appellation d'origine contrôlée";"AOP - Appellation d'origine protégée";"Nuits-Saint-Georges premier cru Les Perrières rouge";"";
"AOC - Appellation d'origine contrôlée";"AOP - Appellation d'origine protégée";"Nuits-Saint-Georges premier cru Les Porrets-Saint-Georges blanc";"";
"AOC - Appellation d'origine contrôlée";"AOP - Appellation d'origine protégée";"Nuits-Saint-Georges premier cru Les Porrets-Saint-Georges rouge";"";
"AOC - Appellation d'origine contrôlée";"AOP - Appellation d'origine protégée";"Nuits-Saint-Georges premier cru Les Poulettes blanc";"";
"AOC - Appellation d'origine contrôlée";"AOP - Appellation d'origine protégée";"Nuits-Saint-Georges premier cru Les Poulettes rouge";"";
"AOC - Appellation d'origine contrôlée";"AOP - Appellation d'origine protégée";"Nuits-Saint-Georges premier cru Les Procès blanc";"";
"AOC - Appellation d'origine contrôlée";"AOP - Appellation d'origine protégée";"Nuits-Saint-Georges premier cru Les Procès rouge";"";
"AOC - Appellation d'origine contrôlée";"AOP - Appellation d'origine protégée";"Nuits-Saint-Georges premier cru Les Pruliers blanc";"";
"AOC - Appellation d'origine contrôlée";"AOP - Appellation d'origine protégée";"Nuits-Saint-Georges premier cru Les Pruliers rouge";"";
"AOC - Appellation d'origine contrôlée";"AOP - Appellation d'origine protégée";"Nuits-Saint-Georges premier cru Les Saints-Georges blanc";"";
"AOC - Appellation d'origine contrôlée";"AOP - Appellation d'origine protégée";"Nuits-Saint-Georges premier cru Les Saints-Georges rouge";"";
"AOC - Appellation d'origine contrôlée";"AOP - Appellation d'origine protégée";"Nuits-Saint-Georges premier cru Les Terres Blanches blanc";"";
"AOC - Appellation d'origine contrôlée";"AOP - Appellation d'origine protégée";"Nuits-Saint-Georges premier cru Les Terres Blanches rouge";"";
"AOC - Appellation d'origine contrôlée";"AOP - Appellation d'origine protégée";"Nuits-Saint-Georges premier cru Les Vallerots blanc";"";
"AOC - Appellation d'origine contrôlée";"AOP - Appellation d'origine protégée";"Nuits-Saint-Georges premier cru Les Vallerots rouge";"";
"AOC - Appellation d'origine contrôlée";"AOP - Appellation d'origine protégée";"Nuits-Saint-Georges premier cru Les Vaucrains blanc";"";
"AOC - Appellation d'origine contrôlée";"AOP - Appellation d'origine protégée";"Nuits-Saint-Georges premier cru Les Vaucrains rouge";"";
"AOC - Appellation d'origine contrôlée";"AOP - Appellation d'origine protégée";"Nuits-Saint-Georges premier cru Roncière blanc";"";
"AOC - Appellation d'origine contrôlée";"AOP - Appellation d'origine protégée";"Nuits-Saint-Georges premier cru Roncière rouge";"";
"AOC - Appellation d'origine contrôlée";"AOP - Appellation d'origine protégée";"Nuits-Saint-Georges premier cru rouge";"";
"AOC - Appellation d'origine contrôlée";"AOP - Appellation d'origine protégée";"Nuits-Saint-Georges premier cru Rue de Chaux blanc";"";
"AOC - Appellation d'origine contrôlée";"AOP - Appellation d'origine protégée";"Nuits-Saint-Georges premier cru Rue de Chaux rouge";"";
"AOC - Appellation d'origine contrôlée";"AOP - Appellation d'origine protégée";"Nuits-Saint-Georges rouge";"";
"AOC - Appellation d'origine contrôlée";"AOP - Appellation d'origine protégée";"Pernand-Vergelesses blanc";"";
"AOC - Appellation d'origine contrôlée";"AOP - Appellation d'origine protégée";"Pernand-Vergelesses premier cru blanc";"";
"AOC - Appellation d'origine contrôlée";"AOP - Appellation d'origine protégée";"Pernand-Vergelesses premier cru Clos Berthet blanc";"";
"AOC - Appellation d'origine contrôlée";"AOP - Appellation d'origine protégée";"Pernand-Vergelesses premier cru Creux de la Net blanc";"";
"AOC - Appellation d'origine contrôlée";"AOP - Appellation d'origine protégée";"Pernand-Vergelesses premier cru Creux de la Net rouge";"";
"AOC - Appellation d'origine contrôlée";"AOP - Appellation d'origine protégée";"Pernand-Vergelesses premier cru En Caradeux blanc";"";
"AOC - Appellation d'origine contrôlée";"AOP - Appellation d'origine protégée";"Pernand-Vergelesses premier cru En Caradeux rouge";"";
"AOC - Appellation d'origine contrôlée";"AOP - Appellation d'origine protégée";"Pernand-Vergelesses premier cru Ile des Vergelesses blanc";"";
"AOC - Appellation d'origine contrôlée";"AOP - Appellation d'origine protégée";"Pernand-Vergelesses premier cru Ile des Vergelesses rouge";"";
"AOC - Appellation d'origine contrôlée";"AOP - Appellation d'origine protégée";"Pernand-Vergelesses premier cru Les Fichots blanc";"";
"AOC - Appellation d'origine contrôlée";"AOP - Appellation d'origine protégée";"Pernand-Vergelesses premier cru Les Fichots rouge";"";
"AOC - Appellation d'origine contrôlée";"AOP - Appellation d'origine protégée";"Pernand-Vergelesses premier cru rouge";"";
"AOC - Appellation d'origine contrôlée";"AOP - Appellation d'origine protégée";"Pernand-Vergelesses premier cru Sous Frétille blanc";"";
"AOC - Appellation d'origine contrôlée";"AOP - Appellation d'origine protégée";"Pernand-Vergelesses premier cru Vergelesses blanc";"";
"AOC - Appellation d'origine contrôlée";"AOP - Appellation d'origine protégée";"Pernand-Vergelesses premier cru Vergelesses rouge";"";
"AOC - Appellation d'origine contrôlée";"AOP - Appellation d'origine protégée";"Pernand-Vergelesses premier cru Village de Pernand blanc";"";
"AOC - Appellation d'origine contrôlée";"AOP - Appellation d'origine protégée";"Pernand-Vergelesses rouge ou Pernand-Vergelesses Côte de Beaune";"";
"AOC - Appellation d'origine contrôlée";"AOP - Appellation d'origine protégée";"Pommard";"";
"AOC - Appellation d'origine contrôlée";"AOP - Appellation d'origine protégée";"Pommard premier cru";"";
"AOC - Appellation d'origine contrôlée";"AOP - Appellation d'origine protégée";"Pommard premier cru Clos Blanc";"";
"AOC - Appellation d'origine contrôlée";"AOP - Appellation d'origine protégée";"Pommard premier cru Clos de la Commaraine";"";
"AOC - Appellation d'origine contrôlée";"AOP - Appellation d'origine protégée";"Pommard premier cru Clos de Verger";"";
"AOC - Appellation d'origine contrôlée";"AOP - Appellation d'origine protégée";"Pommard premier cru Clos des Epeneaux";"";
"AOC - Appellation d'origine contrôlée";"AOP - Appellation d'origine protégée";"Pommard premier cru Derrière Saint-Jean";"";
"AOC - Appellation d'origine contrôlée";"AOP - Appellation d'origine protégée";"Pommard premier cru En Largillière";"";
"AOC - Appellation d'origine contrôlée";"AOP - Appellation d'origine protégée";"Pommard premier cru La Chanière";"";
"AOC - Appellation d'origine contrôlée";"AOP - Appellation d'origine protégée";"Pommard premier cru La Platière";"";
"AOC - Appellation d'origine contrôlée";"AOP - Appellation d'origine protégée";"Pommard premier cru La Refène";"";
"AOC - Appellation d'origine contrôlée";"AOP - Appellation d'origine protégée";"Pommard premier cru Le Clos Micot";"";
"AOC - Appellation d'origine contrôlée";"AOP - Appellation d'origine protégée";"Pommard premier cru Le Village";"";
"AOC - Appellation d'origine contrôlée";"AOP - Appellation d'origine protégée";"Pommard premier cru Les Arvelets";"";
"AOC - Appellation d'origine contrôlée";"AOP - Appellation d'origine protégée";"Pommard premier cru Les Bertins";"";
"AOC - Appellation d'origine contrôlée";"AOP - Appellation d'origine protégée";"Pommard premier cru Les Boucherottes";"";
"AOC - Appellation d'origine contrôlée";"AOP - Appellation d'origine protégée";"Pommard premier cru Les Chanlins-Bas";"";
"AOC - Appellation d'origine contrôlée";"AOP - Appellation d'origine protégée";"Pommard premier cru Les Chaponnières";"";
"AOC - Appellation d'origine contrôlée";"AOP - Appellation d'origine protégée";"Pommard premier cru Les Charmots";"";
"AOC - Appellation d'origine contrôlée";"AOP - Appellation d'origine protégée";"Pommard premier cru Les Combes Dessus";"";
"AOC - Appellation d'origine contrôlée";"AOP - Appellation d'origine protégée";"Pommard premier cru Les Croix Noires";"";
"AOC - Appellation d'origine contrôlée";"AOP - Appellation d'origine protégée";"Pommard premier cru Les Fremiers";"";
"AOC - Appellation d'origine contrôlée";"AOP - Appellation d'origine protégée";"Pommard premier cru Les Grands Epenots";"";
"AOC - Appellation d'origine contrôlée";"AOP - Appellation d'origine protégée";"Pommard premier cru Les Jarolières";"";
"AOC - Appellation d'origine contrôlée";"AOP - Appellation d'origine protégée";"Pommard premier cru Les Petits Epenots";"";
"AOC - Appellation d'origine contrôlée";"AOP - Appellation d'origine protégée";"Pommard premier cru Les Pézerolles";"";
"AOC - Appellation d'origine contrôlée";"AOP - Appellation d'origine protégée";"Pommard premier cru Les Poutures";"";
"AOC - Appellation d'origine contrôlée";"AOP - Appellation d'origine protégée";"Pommard premier cru Les Rugiens Bas";"";
"AOC - Appellation d'origine contrôlée";"AOP - Appellation d'origine protégée";"Pommard premier cru Les Rugiens Hauts";"";
"AOC - Appellation d'origine contrôlée";"AOP - Appellation d'origine protégée";"Pommard premier cru Les Saussilles";"";
"AOC - Appellation d'origine contrôlée";"AOP - Appellation d'origine protégée";"Puligny-Montrachet blanc";"";
"AOC - Appellation d'origine contrôlée";"AOP - Appellation d'origine protégée";"Puligny-Montrachet premier cru blanc";"";
"AOC - Appellation d'origine contrôlée";"AOP - Appellation d'origine protégée";"Puligny-Montrachet premier cru Champ Canet blanc";"";
"AOC - Appellation d'origine contrôlée";"AOP - Appellation d'origine protégée";"Puligny-Montrachet premier cru Champ Canet rouge";"";
"AOC - Appellation d'origine contrôlée";"AOP - Appellation d'origine protégée";"Puligny-Montrachet premier cru Champ Gain blanc";"";
"AOC - Appellation d'origine contrôlée";"AOP - Appellation d'origine protégée";"Puligny-Montrachet premier cru Champ Gain rouge";"";
"AOC - Appellation d'origine contrôlée";"AOP - Appellation d'origine protégée";"Puligny-Montrachet premier cru Clavaillon blanc";"";
"AOC - Appellation d'origine contrôlée";"AOP - Appellation d'origine protégée";"Puligny-Montrachet premier cru Clavaillon rouge";"";
"AOC - Appellation d'origine contrôlée";"AOP - Appellation d'origine protégée";"Puligny-Montrachet premier cru Clos de la Garenne blanc";"";
"AOC - Appellation d'origine contrôlée";"AOP - Appellation d'origine protégée";"Puligny-Montrachet premier cru Clos de la Garenne rouge";"";
"AOC - Appellation d'origine contrôlée";"AOP - Appellation d'origine protégée";"Puligny-Montrachet premier cru Clos de la Mouchère blanc";"";
"AOC - Appellation d'origine contrôlée";"AOP - Appellation d'origine protégée";"Puligny-Montrachet premier cru Clos de la Mouchère rouge";"";
"AOC - Appellation d'origine contrôlée";"AOP - Appellation d'origine protégée";"Puligny-Montrachet premier cru Hameau de Blagny blanc";"";
"AOC - Appellation d'origine contrôlée";"AOP - Appellation d'origine protégée";"Puligny-Montrachet premier cru La Garenne blanc";"";
"AOC - Appellation d'origine contrôlée";"AOP - Appellation d'origine protégée";"Puligny-Montrachet premier cru La Truffière blanc";"";
"AOC - Appellation d'origine contrôlée";"AOP - Appellation d'origine protégée";"Puligny-Montrachet premier cru La Truffière rouge";"";
"AOC - Appellation d'origine contrôlée";"AOP - Appellation d'origine protégée";"Puligny-Montrachet premier cru Le Cailleret blanc";"";
"AOC - Appellation d'origine contrôlée";"AOP - Appellation d'origine protégée";"Puligny-Montrachet premier cru Le Cailleret rouge";"";
"AOC - Appellation d'origine contrôlée";"AOP - Appellation d'origine protégée";"Puligny-Montrachet premier cru Les Chalumaux blanc";"";
"AOC - Appellation d'origine contrôlée";"AOP - Appellation d'origine protégée";"Puligny-Montrachet premier cru Les Chalumaux rouge";"";
"AOC - Appellation d'origine contrôlée";"AOP - Appellation d'origine protégée";"Puligny-Montrachet premier cru Les Combettes blanc";"";
"AOC - Appellation d'origine contrôlée";"AOP - Appellation d'origine protégée";"Puligny-Montrachet premier cru Les Combettes rouge";"";
"AOC - Appellation d'origine contrôlée";"AOP - Appellation d'origine protégée";"Puligny-Montrachet premier cru Les Demoiselles blanc";"";
"AOC - Appellation d'origine contrôlée";"AOP - Appellation d'origine protégée";"Puligny-Montrachet premier cru Les Demoiselles rouge";"";
"AOC - Appellation d'origine contrôlée";"AOP - Appellation d'origine protégée";"Puligny-Montrachet premier cru Les Folatières blanc";"";
"AOC - Appellation d'origine contrôlée";"AOP - Appellation d'origine protégée";"Puligny-Montrachet premier cru Les Folatières rouge";"";
"AOC - Appellation d'origine contrôlée";"AOP - Appellation d'origine protégée";"Puligny-Montrachet premier cru Les Perrières blanc";"";
"AOC - Appellation d'origine contrôlée";"AOP - Appellation d'origine protégée";"Puligny-Montrachet premier cru Les Perrières rouge";"";
"AOC - Appellation d'origine contrôlée";"AOP - Appellation d'origine protégée";"Puligny-Montrachet premier cru Les Pucelles blanc";"";
"AOC - Appellation d'origine contrôlée";"AOP - Appellation d'origine protégée";"Puligny-Montrachet premier cru Les Pucelles rouge";"";
"AOC - Appellation d'origine contrôlée";"AOP - Appellation d'origine protégée";"Puligny-Montrachet premier cru Les Referts blanc";"";
"AOC - Appellation d'origine contrôlée";"AOP - Appellation d'origine protégée";"Puligny-Montrachet premier cru Les Referts rouge";"";
"AOC - Appellation d'origine contrôlée";"AOP - Appellation d'origine protégée";"Puligny-Montrachet premier cru rouge";"";
"AOC - Appellation d'origine contrôlée";"AOP - Appellation d'origine protégée";"Puligny-Montrachet premier cru Sous le Puits blanc";"";
"AOC - Appellation d'origine contrôlée";"AOP - Appellation d'origine protégée";"Puligny-Montrachet rouge ou Puligny-Montrachet Côte de Beaune";"";
"AOC - Appellation d'origine contrôlée";"AOP - Appellation d'origine protégée";"Richebourg";"";
"AOC - Appellation d'origine contrôlée";"AOP - Appellation d'origine protégée";"Romanée-Conti";"";
"AOC - Appellation d'origine contrôlée";"AOP - Appellation d'origine protégée";"Romanée-Saint-Vivant";"";
"AOC - Appellation d'origine contrôlée";"AOP - Appellation d'origine protégée";"Ruchottes-Chambertin";"";
"AOC - Appellation d'origine contrôlée";"AOP - Appellation d'origine protégée";"Saint-Aubin blanc";"";
"AOC - Appellation d'origine contrôlée";"AOP - Appellation d'origine protégée";"Saint-Aubin premier cru Bas de Vermarain à l'Est blanc";"";
"AOC - Appellation d'origine contrôlée";"AOP - Appellation d'origine protégée";"Saint-Aubin premier cru Bas de Vermarain à l'Est rouge";"";
"AOC - Appellation d'origine contrôlée";"AOP - Appellation d'origine protégée";"Saint-Aubin premier cru blanc";"";
"AOC - Appellation d'origine contrôlée";"AOP - Appellation d'origine protégée";"Saint-Aubin premier cru Derrière Chez Edouard blanc";"";
"AOC - Appellation d'origine contrôlée";"AOP - Appellation d'origine protégée";"Saint-Aubin premier cru Derrière Chez Edouard rouge";"";
"AOC - Appellation d'origine contrôlée";"AOP - Appellation d'origine protégée";"Saint-Aubin premier cru Derrière la Tour blanc";"";
"AOC - Appellation d'origine contrôlée";"AOP - Appellation d'origine protégée";"Saint-Aubin premier cru Derrière la Tour rouge";"";
"AOC - Appellation d'origine contrôlée";"AOP - Appellation d'origine protégée";"Saint-Aubin premier cru Echaille blanc";"";
"AOC - Appellation d'origine contrôlée";"AOP - Appellation d'origine protégée";"Saint-Aubin premier cru Echaille rouge";"";
"AOC - Appellation d'origine contrôlée";"AOP - Appellation d'origine protégée";"Saint-Aubin premier cru En Créot blanc";"";
"AOC - Appellation d'origine contrôlée";"AOP - Appellation d'origine protégée";"Saint-Aubin premier cru En Créot rouge";"";
"AOC - Appellation d'origine contrôlée";"AOP - Appellation d'origine protégée";"Saint-Aubin premier cru En la Ranché blanc";"";
"AOC - Appellation d'origine contrôlée";"AOP - Appellation d'origine protégée";"Saint-Aubin premier cru En la Ranché rouge";"";
"AOC - Appellation d'origine contrôlée";"AOP - Appellation d'origine protégée";"Saint-Aubin premier cru En Montceau blanc";"";
"AOC - Appellation d'origine contrôlée";"AOP - Appellation d'origine protégée";"Saint-Aubin premier cru En Montceau rouge";"";
"AOC - Appellation d'origine contrôlée";"AOP - Appellation d'origine protégée";"Saint-Aubin premier cru En Remilly blanc";"";
"AOC - Appellation d'origine contrôlée";"AOP - Appellation d'origine protégée";"Saint-Aubin premier cru En Remilly rouge";"";
"AOC - Appellation d'origine contrôlée";"AOP - Appellation d'origine protégée";"Saint-Aubin premier cru En Vollon à l'Est blanc";"";
"AOC - Appellation d'origine contrôlée";"AOP - Appellation d'origine protégée";"Saint-Aubin premier cru En Vollon à l'Est rouge";"";
"AOC - Appellation d'origine contrôlée";"AOP - Appellation d'origine protégée";"Saint-Aubin premier cru Es Champs blanc";"";
"AOC - Appellation d'origine contrôlée";"AOP - Appellation d'origine protégée";"Saint-Aubin premier cru Es Champs rouge";"";
"AOC - Appellation d'origine contrôlée";"AOP - Appellation d'origine protégée";"Saint-Aubin premier cru La Chatenière blanc";"";
"AOC - Appellation d'origine contrôlée";"AOP - Appellation d'origine protégée";"Saint-Aubin premier cru La Chatenière rouge";"";
"AOC - Appellation d'origine contrôlée";"AOP - Appellation d'origine protégée";"Saint-Aubin premier cru Le Bas de Gamay à l'Est blanc";"";
"AOC - Appellation d'origine contrôlée";"AOP - Appellation d'origine protégée";"Saint-Aubin premier cru Le Bas de Gamay à l'Est rouge";"";
"AOC - Appellation d'origine contrôlée";"AOP - Appellation d'origine protégée";"Saint-Aubin premier cru Le Charmois blanc";"";
"AOC - Appellation d'origine contrôlée";"AOP - Appellation d'origine protégée";"Saint-Aubin premier cru Le Charmois rouge";"";
"AOC - Appellation d'origine contrôlée";"AOP - Appellation d'origine protégée";"Saint-Aubin premier cru Le Puits blanc";"";
"AOC - Appellation d'origine contrôlée";"AOP - Appellation d'origine protégée";"Saint-Aubin premier cru Le Puits rouge";"";
"AOC - Appellation d'origine contrôlée";"AOP - Appellation d'origine protégée";"Saint-Aubin premier cru Les Castets blanc";"";
"AOC - Appellation d'origine contrôlée";"AOP - Appellation d'origine protégée";"Saint-Aubin premier cru Les Castets rouge";"";
"AOC - Appellation d'origine contrôlée";"AOP - Appellation d'origine protégée";"Saint-Aubin premier cru Les Champlots blanc";"";
"AOC - Appellation d'origine contrôlée";"AOP - Appellation d'origine protégée";"Saint-Aubin premier cru Les Champlots rouge";"";
"AOC - Appellation d'origine contrôlée";"AOP - Appellation d'origine protégée";"Saint-Aubin premier cru Les Combes au Sud blanc";"";
"AOC - Appellation d'origine contrôlée";"AOP - Appellation d'origine protégée";"Saint-Aubin premier cru Les Combes au Sud rouge";"";
"AOC - Appellation d'origine contrôlée";"AOP - Appellation d'origine protégée";"Saint-Aubin premier cru Les Combes blanc";"";
"AOC - Appellation d'origine contrôlée";"AOP - Appellation d'origine protégée";"Saint-Aubin premier cru Les Combes rouge";"";
"AOC - Appellation d'origine contrôlée";"AOP - Appellation d'origine protégée";"Saint-Aubin premier cru Les Cortons blanc";"";
"AOC - Appellation d'origine contrôlée";"AOP - Appellation d'origine protégée";"Saint-Aubin premier cru Les Cortons rouge";"";
"AOC - Appellation d'origine contrôlée";"AOP - Appellation d'origine protégée";"Saint-Aubin premier cru Les Frionnes blanc";"";
"AOC - Appellation d'origine contrôlée";"AOP - Appellation d'origine protégée";"Saint-Aubin premier cru Les Frionnes rouge";"";
"AOC - Appellation d'origine contrôlée";"AOP - Appellation d'origine protégée";"Saint-Aubin premier cru Les Murgers des dents de chien blanc";"";
"AOC - Appellation d'origine contrôlée";"AOP - Appellation d'origine protégée";"Saint-Aubin premier cru Les Murgers des dents de chien rouge";"";
"AOC - Appellation d'origine contrôlée";"AOP - Appellation d'origine protégée";"Saint-Aubin premier cru Les Perrières blanc";"";
"AOC - Appellation d'origine contrôlée";"AOP - Appellation d'origine protégée";"Saint-Aubin premier cru Les Perrières rouge";"";
"AOC - Appellation d'origine contrôlée";"AOP - Appellation d'origine protégée";"Saint-Aubin premier cru Les Travers de Marinot blanc";"";
"AOC - Appellation d'origine contrôlée";"AOP - Appellation d'origine protégée";"Saint-Aubin premier cru Les Travers de Marinot rouge";"";
"AOC - Appellation d'origine contrôlée";"AOP - Appellation d'origine protégée";"Saint-Aubin premier cru Marinot blanc";"";
"AOC - Appellation d'origine contrôlée";"AOP - Appellation d'origine protégée";"Saint-Aubin premier cru Marinot rouge";"";
"AOC - Appellation d'origine contrôlée";"AOP - Appellation d'origine protégée";"Saint-Aubin premier cru Pitangeret blanc";"";
"AOC - Appellation d'origine contrôlée";"AOP - Appellation d'origine protégée";"Saint-Aubin premier cru Pitangeret rouge";"";
"AOC - Appellation d'origine contrôlée";"AOP - Appellation d'origine protégée";"Saint-Aubin premier cru rouge";"";
"AOC - Appellation d'origine contrôlée";"AOP - Appellation d'origine protégée";"Saint-Aubin premier cru Sous Roche Dumay blanc";"";
"AOC - Appellation d'origine contrôlée";"AOP - Appellation d'origine protégée";"Saint-Aubin premier cru Sous Roche Dumay rouge";"";
"AOC - Appellation d'origine contrôlée";"AOP - Appellation d'origine protégée";"Saint-Aubin premier cru Sur Gamay blanc";"";
"AOC - Appellation d'origine contrôlée";"AOP - Appellation d'origine protégée";"Saint-Aubin premier cru Sur Gamay rouge";"";
"AOC - Appellation d'origine contrôlée";"AOP - Appellation d'origine protégée";"Saint-Aubin premier cru Sur le sentier du Clou blanc";"";
"AOC - Appellation d'origine contrôlée";"AOP - Appellation d'origine protégée";"Saint-Aubin premier cru Sur le sentier du Clou rouge";"";
"AOC - Appellation d'origine contrôlée";"AOP - Appellation d'origine protégée";"Saint-Aubin premier cru Vignes Moingeon blanc";"";
"AOC - Appellation d'origine contrôlée";"AOP - Appellation d'origine protégée";"Saint-Aubin premier cru Vignes Moingeon rouge";"";
"AOC - Appellation d'origine contrôlée";"AOP - Appellation d'origine protégée";"Saint-Aubin premier cru Village blanc";"";
"AOC - Appellation d'origine contrôlée";"AOP - Appellation d'origine protégée";"Saint-Aubin premier cru Village rouge";"";
"AOC - Appellation d'origine contrôlée";"AOP - Appellation d'origine protégée";"Saint-Aubin rouge ou Saint-Aubin Côte de Beaune";"";
"AOC - Appellation d'origine contrôlée";"AOP - Appellation d'origine protégée";"Saint-Romain";"";
"AOC - Appellation d'origine contrôlée";"AOP - Appellation d'origine protégée";"Saint-Romain rouge ou Saint-Romain Côte de Beaune";"";
"AOC - Appellation d'origine contrôlée";"AOP - Appellation d'origine protégée";"Santenay blanc";"";
"AOC - Appellation d'origine contrôlée";"AOP - Appellation d'origine protégée";"Santenay premier cru Beauregard blanc";"";
"AOC - Appellation d'origine contrôlée";"AOP - Appellation d'origine protégée";"Santenay premier cru Beauregard rouge";"";
"AOC - Appellation d'origine contrôlée";"AOP - Appellation d'origine protégée";"Santenay premier cru Beaurepaire blanc";"";
"AOC - Appellation d'origine contrôlée";"AOP - Appellation d'origine protégée";"Santenay premier cru Beaurepaire rouge";"";
"AOC - Appellation d'origine contrôlée";"AOP - Appellation d'origine protégée";"Santenay premier cru blanc";"";
"AOC - Appellation d'origine contrôlée";"AOP - Appellation d'origine protégée";"Santenay premier cru Clos de Tavannes blanc";"";
"AOC - Appellation d'origine contrôlée";"AOP - Appellation d'origine protégée";"Santenay premier cru Clos de Tavannes rouge";"";
"AOC - Appellation d'origine contrôlée";"AOP - Appellation d'origine protégée";"Santenay premier cru Clos des Mouches blanc";"";
"AOC - Appellation d'origine contrôlée";"AOP - Appellation d'origine protégée";"Santenay premier cru Clos des Mouches rouge";"";
"AOC - Appellation d'origine contrôlée";"AOP - Appellation d'origine protégée";"Santenay premier cru Clos Faubard blanc";"";
"AOC - Appellation d'origine contrôlée";"AOP - Appellation d'origine protégée";"Santenay premier cru Clos Faubard rouge";"";
"AOC - Appellation d'origine contrôlée";"AOP - Appellation d'origine protégée";"Santenay premier cru Clos Rousseau blanc";"";
"AOC - Appellation d'origine contrôlée";"AOP - Appellation d'origine protégée";"Santenay premier cru Clos Rousseau rouge";"";
"AOC - Appellation d'origine contrôlée";"AOP - Appellation d'origine protégée";"Santenay premier cru Grand Clos Rousseau blanc";"";
"AOC - Appellation d'origine contrôlée";"AOP - Appellation d'origine protégée";"Santenay premier cru Grand Clos Rousseau rouge";"";
"AOC - Appellation d'origine contrôlée";"AOP - Appellation d'origine protégée";"Santenay premier cru La Comme blanc";"";
"AOC - Appellation d'origine contrôlée";"AOP - Appellation d'origine protégée";"Santenay premier cru La Comme rouge";"";
"AOC - Appellation d'origine contrôlée";"AOP - Appellation d'origine protégée";"Santenay premier cru La Maladière blanc";"";
"AOC - Appellation d'origine contrôlée";"AOP - Appellation d'origine protégée";"Santenay premier cru La Maladière rouge";"";
"AOC - Appellation d'origine contrôlée";"AOP - Appellation d'origine protégée";"Santenay premier cru Les Gravières blanc";"";
"AOC - Appellation d'origine contrôlée";"AOP - Appellation d'origine protégée";"Santenay premier cru Les Gravières rouge";"";
"AOC - Appellation d'origine contrôlée";"AOP - Appellation d'origine protégée";"Santenay premier cru Les Gravières-Clos de Tavannes blanc";"";
"AOC - Appellation d'origine contrôlée";"AOP - Appellation d'origine protégée";"Santenay premier cru Les Gravières-Clos de Tavannes rouge";"";
"AOC - Appellation d'origine contrôlée";"AOP - Appellation d'origine protégée";"Santenay premier cru Passetemps blanc";"";
"AOC - Appellation d'origine contrôlée";"AOP - Appellation d'origine protégée";"Santenay premier cru Passetemps rouge";"";
"AOC - Appellation d'origine contrôlée";"AOP - Appellation d'origine protégée";"Santenay premier cru rouge";"";
"AOC - Appellation d'origine contrôlée";"AOP - Appellation d'origine protégée";"Santenay rouge ou Santenay Côte de Beaune";"";
"AOC - Appellation d'origine contrôlée";"AOP - Appellation d'origine protégée";"Savigny-lès-Beaune blanc";"";
"AOC - Appellation d'origine contrôlée";"AOP - Appellation d'origine protégée";"Savigny-lès-Beaune premier cru Aux Clous blanc";"";
"AOC - Appellation d'origine contrôlée";"AOP - Appellation d'origine protégée";"Savigny-lès-Beaune premier cru Aux Clous rouge";"";
"AOC - Appellation d'origine contrôlée";"AOP - Appellation d'origine protégée";"Savigny-lès-Beaune premier cru Aux Fourneaux blanc";"";
"AOC - Appellation d'origine contrôlée";"AOP - Appellation d'origine protégée";"Savigny-lès-Beaune premier cru Aux Fourneaux rouge";"";
"AOC - Appellation d'origine contrôlée";"AOP - Appellation d'origine protégée";"Savigny-lès-Beaune premier cru Aux Gravains blanc";"";
"AOC - Appellation d'origine contrôlée";"AOP - Appellation d'origine protégée";"Savigny-lès-Beaune premier cru Aux Gravains rouge";"";
"AOC - Appellation d'origine contrôlée";"AOP - Appellation d'origine protégée";"Savigny-lès-Beaune premier cru Aux Guettes blanc";"";
"AOC - Appellation d'origine contrôlée";"AOP - Appellation d'origine protégée";"Savigny-lès-Beaune premier cru Aux Guettes rouge";"";
"AOC - Appellation d'origine contrôlée";"AOP - Appellation d'origine protégée";"Savigny-lès-Beaune premier cru Aux Serpentières blanc";"";
"AOC - Appellation d'origine contrôlée";"AOP - Appellation d'origine protégée";"Savigny-lès-Beaune premier cru Aux Serpentières rouge";"";
"AOC - Appellation d'origine contrôlée";"AOP - Appellation d'origine protégée";"Savigny-lès-Beaune premier cru Basses Vergelesses blanc";"";
"AOC - Appellation d'origine contrôlée";"AOP - Appellation d'origine protégée";"Savigny-lès-Beaune premier cru Basses Vergelesses rouge";"";
"AOC - Appellation d'origine contrôlée";"AOP - Appellation d'origine protégée";"Savigny-lès-Beaune premier cru Bataillère blanc";"";
"AOC - Appellation d'origine contrôlée";"AOP - Appellation d'origine protégée";"Savigny-lès-Beaune premier cru Bataillère rouge";"";
"AOC - Appellation d'origine contrôlée";"AOP - Appellation d'origine protégée";"Savigny-lès-Beaune premier cru blanc";"";
"AOC - Appellation d'origine contrôlée";"AOP - Appellation d'origine protégée";"Savigny-lès-Beaune premier cru Champ Chevrey blanc";"";
"AOC - Appellation d'origine contrôlée";"AOP - Appellation d'origine protégée";"Savigny-lès-Beaune premier cru Champ Chevrey rouge";"";
"AOC - Appellation d'origine contrôlée";"AOP - Appellation d'origine protégée";"Savigny-lès-Beaune premier cru La Dominode blanc";"";
"AOC - Appellation d'origine contrôlée";"AOP - Appellation d'origine protégée";"Savigny-lès-Beaune premier cru La Dominode rouge";"";
"AOC - Appellation d'origine contrôlée";"AOP - Appellation d'origine protégée";"Savigny-lès-Beaune premier cru Les Charnières blanc";"";
"AOC - Appellation d'origine contrôlée";"AOP - Appellation d'origine protégée";"Savigny-lès-Beaune premier cru Les Charnières rouge";"";
"AOC - Appellation d'origine contrôlée";"AOP - Appellation d'origine protégée";"Savigny-lès-Beaune premier cru Les Hauts Jarrons blanc";"";
"AOC - Appellation d'origine contrôlée";"AOP - Appellation d'origine protégée";"Savigny-lès-Beaune premier cru Les Hauts Jarrons rouge";"";
"AOC - Appellation d'origine contrôlée";"AOP - Appellation d'origine protégée";"Savigny-lès-Beaune premier cru Les Hauts Marconnets blanc";"";
"AOC - Appellation d'origine contrôlée";"AOP - Appellation d'origine protégée";"Savigny-lès-Beaune premier cru Les Hauts Marconnets rouge";"";
"AOC - Appellation d'origine contrôlée";"AOP - Appellation d'origine protégée";"Savigny-lès-Beaune premier cru Les Jarrons blanc";"";
"AOC - Appellation d'origine contrôlée";"AOP - Appellation d'origine protégée";"Savigny-lès-Beaune premier cru Les Jarrons rouge";"";
"AOC - Appellation d'origine contrôlée";"AOP - Appellation d'origine protégée";"Savigny-lès-Beaune premier cru Les Lavières blanc";"";
"AOC - Appellation d'origine contrôlée";"AOP - Appellation d'origine protégée";"Savigny-lès-Beaune premier cru Les Lavières rouge";"";
"AOC - Appellation d'origine contrôlée";"AOP - Appellation d'origine protégée";"Savigny-lès-Beaune premier cru Les Marconnets blanc";"";
"AOC - Appellation d'origine contrôlée";"AOP - Appellation d'origine protégée";"Savigny-lès-Beaune premier cru Les Marconnets rouge";"";
"AOC - Appellation d'origine contrôlée";"AOP - Appellation d'origine protégée";"Savigny-lès-Beaune premier cru Les Narbantons blanc";"";
"AOC - Appellation d'origine contrôlée";"AOP - Appellation d'origine protégée";"Savigny-lès-Beaune premier cru Les Narbantons rouge";"";
"AOC - Appellation d'origine contrôlée";"AOP - Appellation d'origine protégée";"Savigny-lès-Beaune premier cru Les Peuillets blanc";"";
"AOC - Appellation d'origine contrôlée";"AOP - Appellation d'origine protégée";"Savigny-lès-Beaune premier cru Les Peuillets rouge";"";
"AOC - Appellation d'origine contrôlée";"AOP - Appellation d'origine protégée";"Savigny-lès-Beaune premier cru Les Rouvrettes blanc";"";
"AOC - Appellation d'origine contrôlée";"AOP - Appellation d'origine protégée";"Savigny-lès-Beaune premier cru Les Rouvrettes rouge";"";
"AOC - Appellation d'origine contrôlée";"AOP - Appellation d'origine protégée";"Savigny-lès-Beaune premier cru Les Talmettes blanc";"";
"AOC - Appellation d'origine contrôlée";"AOP - Appellation d'origine protégée";"Savigny-lès-Beaune premier cru Les Talmettes rouge";"";
"AOC - Appellation d'origine contrôlée";"AOP - Appellation d'origine protégée";"Savigny-lès-Beaune premier cru Les Vergelesses blanc";"";
"AOC - Appellation d'origine contrôlée";"AOP - Appellation d'origine protégée";"Savigny-lès-Beaune premier cru Les Vergelesses rouge";"";
"AOC - Appellation d'origine contrôlée";"AOP - Appellation d'origine protégée";"Savigny-lès-Beaune premier cru Petits Godeaux blanc";"";
"AOC - Appellation d'origine contrôlée";"AOP - Appellation d'origine protégée";"Savigny-lès-Beaune premier cru Petits Godeaux rouge";"";
"AOC - Appellation d'origine contrôlée";"AOP - Appellation d'origine protégée";"Savigny-lès-Beaune premier cru Redrescul blanc";"";
"AOC - Appellation d'origine contrôlée";"AOP - Appellation d'origine protégée";"Savigny-lès-Beaune premier cru Redrescul rouge";"";
"AOC - Appellation d'origine contrôlée";"AOP - Appellation d'origine protégée";"Savigny-lès-Beaune premier cru rouge";"";
"AOC - Appellation d'origine contrôlée";"AOP - Appellation d'origine protégée";"Savigny-lès-Beaune rouge ou Savigny-lès-Beaune Côte de Beaune";"";
"AOC - Appellation d'origine contrôlée";"AOP - Appellation d'origine protégée";"Volnay";"";
"AOC - Appellation d'origine contrôlée";"AOP - Appellation d'origine protégée";"Volnay premier cru";"";
"AOC - Appellation d'origine contrôlée";"AOP - Appellation d'origine protégée";"Volnay premier cru Carelle sous la Chapelle";"";
"AOC - Appellation d'origine contrôlée";"AOP - Appellation d'origine protégée";"Volnay premier cru Champans";"";
"AOC - Appellation d'origine contrôlée";"AOP - Appellation d'origine protégée";"Volnay premier cru Clos de l'Audignac";"";
"AOC - Appellation d'origine contrôlée";"AOP - Appellation d'origine protégée";"Volnay premier cru Clos de la Barre";"";
"AOC - Appellation d'origine contrôlée";"AOP - Appellation d'origine protégée";"Volnay premier cru Clos de la Bousse-d'Or";"";
"AOC - Appellation d'origine contrôlée";"AOP - Appellation d'origine protégée";"Volnay premier cru Clos de la Cave des Ducs";"";
"AOC - Appellation d'origine contrôlée";"AOP - Appellation d'origine protégée";"Volnay premier cru Clos de la Chapelle";"";
"AOC - Appellation d'origine contrôlée";"AOP - Appellation d'origine protégée";"Volnay premier cru Clos de la Rougeotte";"";
"AOC - Appellation d'origine contrôlée";"AOP - Appellation d'origine protégée";"Volnay premier cru Clos des 60 ouvrées";"";
"AOC - Appellation d'origine contrôlée";"AOP - Appellation d'origine protégée";"Volnay premier cru Clos des Chênes";"";
"AOC - Appellation d'origine contrôlée";"AOP - Appellation d'origine protégée";"Volnay premier cru Clos des Ducs";"";
"AOC - Appellation d'origine contrôlée";"AOP - Appellation d'origine protégée";"Volnay premier cru Clos du Château des Ducs";"";
"AOC - Appellation d'origine contrôlée";"AOP - Appellation d'origine protégée";"Volnay premier cru Clos du Verseuil";"";
"AOC - Appellation d'origine contrôlée";"AOP - Appellation d'origine protégée";"Volnay premier cru En Chevret";"";
"AOC - Appellation d'origine contrôlée";"AOP - Appellation d'origine protégée";"Volnay premier cru Frémiets";"";
"AOC - Appellation d'origine contrôlée";"AOP - Appellation d'origine protégée";"Volnay premier cru Frémiets - Clos de la Rougeotte";"";
"AOC - Appellation d'origine contrôlée";"AOP - Appellation d'origine protégée";"Volnay premier cru La Gigotte";"";
"AOC - Appellation d'origine contrôlée";"AOP - Appellation d'origine protégée";"Volnay premier cru Lassolle";"";
"AOC - Appellation d'origine contrôlée";"AOP - Appellation d'origine protégée";"Volnay premier cru Le Ronceret";"";
"AOC - Appellation d'origine contrôlée";"AOP - Appellation d'origine protégée";"Volnay premier cru Le Village";"";
"AOC - Appellation d'origine contrôlée";"AOP - Appellation d'origine protégée";"Volnay premier cru Les Angles";"";
"AOC - Appellation d'origine contrôlée";"AOP - Appellation d'origine protégée";"Volnay premier cru Les Brouillards";"";
"AOC - Appellation d'origine contrôlée";"AOP - Appellation d'origine protégée";"Volnay premier cru Les Caillerets";"";
"AOC - Appellation d'origine contrôlée";"AOP - Appellation d'origine protégée";"Volnay premier cru Les Lurets";"";
"AOC - Appellation d'origine contrôlée";"AOP - Appellation d'origine protégée";"Volnay premier cru Les Mitans";"";
"AOC - Appellation d'origine contrôlée";"AOP - Appellation d'origine protégée";"Volnay premier cru Pitures Dessus";"";
"AOC - Appellation d'origine contrôlée";"AOP - Appellation d'origine protégée";"Volnay premier cru Robardelle";"";
"AOC - Appellation d'origine contrôlée";"AOP - Appellation d'origine protégée";"Volnay premier cru Santenots";"";
"AOC - Appellation d'origine contrôlée";"AOP - Appellation d'origine protégée";"Volnay premier cru Taille Pieds";"";
"AOC - Appellation d'origine contrôlée";"AOP - Appellation d'origine protégée";"Vosne-Romanée";"";
"AOC - Appellation d'origine contrôlée";"AOP - Appellation d'origine protégée";"Vosne-Romanée premier cru";"";
"AOC - Appellation d'origine contrôlée";"AOP - Appellation d'origine protégée";"Vosne-Romanée premier cru Au-dessus des Malconsorts";"";
"AOC - Appellation d'origine contrôlée";"AOP - Appellation d'origine protégée";"Vosne-Romanée premier cru Aux Brulées";"";
"AOC - Appellation d'origine contrôlée";"AOP - Appellation d'origine protégée";"Vosne-Romanée premier cru Aux Malconsorts";"";
"AOC - Appellation d'origine contrôlée";"AOP - Appellation d'origine protégée";"Vosne-Romanée premier cru Aux Raignots";"";
"AOC - Appellation d'origine contrôlée";"AOP - Appellation d'origine protégée";"Vosne-Romanée premier cru Clos des Réas";"";
"AOC - Appellation d'origine contrôlée";"AOP - Appellation d'origine protégée";"Vosne-Romanée premier cru Cros Parantoux";"";
"AOC - Appellation d'origine contrôlée";"AOP - Appellation d'origine protégée";"Vosne-Romanée premier cru En Orveaux";"";
"AOC - Appellation d'origine contrôlée";"AOP - Appellation d'origine protégée";"Vosne-Romanée premier cru La Croix Rameau";"";
"AOC - Appellation d'origine contrôlée";"AOP - Appellation d'origine protégée";"Vosne-Romanée premier cru Les Beaux Monts";"";
"AOC - Appellation d'origine contrôlée";"AOP - Appellation d'origine protégée";"Vosne-Romanée premier cru Les Chaumes";"";
"AOC - Appellation d'origine contrôlée";"AOP - Appellation d'origine protégée";"Vosne-Romanée premier cru Les Gaudichots";"";
"AOC - Appellation d'origine contrôlée";"AOP - Appellation d'origine protégée";"Vosne-Romanée premier cru Les Petis Monts";"";
"AOC - Appellation d'origine contrôlée";"AOP - Appellation d'origine protégée";"Vosne-Romanée premier cru Les Rouges";"";
"AOC - Appellation d'origine contrôlée";"AOP - Appellation d'origine protégée";"Vosne-Romanée premier cru Les Suchots";"";
"AOC - Appellation d'origine contrôlée";"AOP - Appellation d'origine protégée";"Vougeot blanc";"";
"AOC - Appellation d'origine contrôlée";"AOP - Appellation d'origine protégée";"Vougeot premier cru blanc";"";
"AOC - Appellation d'origine contrôlée";"AOP - Appellation d'origine protégée";"Vougeot premier cru Clos de la Perrière blanc";"";
"AOC - Appellation d'origine contrôlée";"AOP - Appellation d'origine protégée";"Vougeot premier cru Clos de la Perrière rouge";"";
"AOC - Appellation d'origine contrôlée";"AOP - Appellation d'origine protégée";"Vougeot premier cru Le Clos Blanc blanc";"";
"AOC - Appellation d'origine contrôlée";"AOP - Appellation d'origine protégée";"Vougeot premier cru Le Clos Blanc rouge";"";
"AOC - Appellation d'origine contrôlée";"AOP - Appellation d'origine protégée";"Vougeot premier cru Les Crâs blanc";"";
"AOC - Appellation d'origine contrôlée";"AOP - Appellation d'origine protégée";"Vougeot premier cru Les Crâs rouge";"";
"AOC - Appellation d'origine contrôlée";"AOP - Appellation d'origine protégée";"Vougeot premier cru Les Petits Vougeots blanc";"";
"AOC - Appellation d'origine contrôlée";"AOP - Appellation d'origine protégée";"Vougeot premier cru Les Petits Vougeots rouge";"";
"AOC - Appellation d'origine contrôlée";"AOP - Appellation d'origine protégée";"Vougeot premier cru rouge";"";
"AOC - Appellation d'origine contrôlée";"AOP - Appellation d'origine protégée";"Vougeot rouge";"";
